frame_nr;dec_time;anim_fps;pc_latency;time_packets
0;41.27277;0.5972412;11.89184;1630.261
1;178.3141;55.80946;0.1525879;22.45665
2;45.1875;29.59863;0.07867813;33.61034
3;43.99035;23.04917;1.508713;41.23211
4;46.73319;31.80732;8.620739;31.23283
5;43.89368;30.58054;0.06103516;19.37628
6;43.94518;30.52934;0.07534027;32.1312
7;42.94099;29.71817;0.06961823;32.82404
8;43.19749;29.83741;0.09965897;33.17451
9;66.46442;38.35599;0.05722046;33.23269
10;44.36351;30.77078;0.1506805;34.53779
11;45.01968;30.46149;0.1130104;39.12687
12;44.03376;29.95974;5.121231;23.82278
13;45.17485;29.8442;0.05435944;33.46109
14;43.62886;30.39087;4.814625;33.11205
15;46.66768;29.98545;0.0538826;33.6194
16;43.06267;30.05334;3.494263;32.92561
17;45.04773;29.57192;0.04959106;33.40626
18;43.74443;30.49959;0.07200241;33.31995
19;43.48051;29.79544;0.0834465;33.36668
20;44.44343;29.78951;0.05292892;32.99999
21;44.97334;30.53912;0.0500679;33.31184
22;44.4246;29.92853;0.04720688;33.11014
23;44.20268;30.08136;4.45652;33.60891
24;46.66456;30.15446;0.05102158;33.09727
25;44.96852;30.19223;3.762722;33.34332
26;37.50674;23.94036;0.04720688;33.1521
27;47.82122;30.58946;10.95104;43.04838
28;43.97651;29.76879;0.06628036;27.48442
29;42.87339;30.02838;0.1301765;31.76689
30;45.79435;30.40276;0.05292892;32.61232
31;42.73274;29.35913;0.06341934;34.31463
32;46.00632;29.99745;0.07486343;32.39965
33;44.72016;30.03698;4.724026;39.93225
34;44.76407;30.7185;0.1897812;28.01752
35;43.67884;29.80984;1.019478;33.30326
36;45.66869;30.19223;0.1893044;32.06539
37;42.2634;29.88503;0.05102158;33.96845
38;42.77632;29.69755;0.05245209;31.74067
39;46.1024;30.55558;0.05817413;33.85305
40;44.29885;30.01119;0.07772446;34.50108
41;42.30005;30.10943;0.0500679;32.37247
42;44.46604;30.15836;0.04911423;32.06539
43;44.28669;29.59446;0.0500679;34.3051
44;42.35558;29.91103;0.05102158;33.58984
45;47.8933;30.50847;0.04482269;32.44972
46;45.00809;30.08913;0.06389618;35.50005
47;44.06985;29.74853;0.06818771;31.85368
48;44.65921;30.34294;0.04816055;32.92751
49;43.98481;29.77217;0.06008148;33.44059
50;43.11668;30.25669;0.04959106;32.86505
51;42.6684;29.95204;0.04911423;32.88269
52;44.23625;29.13682;0.04911423;33.11777
53;35.97235;24.82571;5.568027;39.90698
54;44.3026;29.93921;0.06246567;30.22957
55;43.69613;29.7481;0.1397133;38.75875
56;35.51365;24.18219;0.09489059;33.29706
57;35.17767;23.92562;0.08535385;35.82621
58;36.78246;23.90843;21.52586;41.26549
59;44.85503;30.25582;8.386612;20.34569
60;44.77267;29.40235;0.2303123;33.39338
61;47.96121;30.84183;0.05912781;27.44341
62;45.11071;29.54526;0.0576973;33.51212
63;41.52612;24.59858;3.004551;38.42306
64;36.13225;23.95896;0.9765625;29.16145
65;46.9193;29.51989;0.1096725;38.13362
66;37.3099;24.23893;0.1044273;38.12933
67;45.22746;29.19279;0.1540184;39.90698
68;44.86079;29.90762;0.05197525;35.85386
69;35.592;24.49543;0.0629425;18.3382
70;45.42633;30.14795;8.92067;33.57792
71;45.54076;29.89738;0.06532669;33.31232
72;44.10043;29.88844;0.06437302;33.19311
73;35.17944;24.55653;0.04673004;27.77386
74;44.5293;29.50328;0.04959106;33.62656
75;48.57555;30.87634;0.05197525;32.57704
76;47.07623;29.84675;0.06151199;35.1758
77;46.06493;30.30304;0.1692772;39.74295
78;42.45591;29.56775;0.1006126;34.38139
79;43.83679;30.3671;0.1130104;32.8064
80;43.17615;29.76668;0.08201599;32.36246
81;35.83282;23.99268;0.07534027;31.96049
82;33.93615;23.774;0.0705719;33.65278
83;34.65221;24.26052;0.1301765;33.16879
84;34.91761;24.30692;0.09012222;36.90386
85;43.78919;29.87737;0.1134872;40.32087
86;46.86164;30.0667;0.05626678;20.78104
87;46.20906;30.16443;0.06008148;33.71668
88;44.98685;29.99488;4.1399;32.82547
89;45.81035;30.00561;0.0629425;35.07185
90;45.07;29.81153;0.1149178;34.91735
91;48.5868;30.24142;0.06532669;32.68194
92;36.13101;23.83019;0.0667572;32.54414
93;47.23634;30.17919;0.07772446;33.8583
94;33.47089;23.86001;0.07915497;32.91225
95;35.40094;24.55164;0.09918213;34.97648
96;43.31527;29.66604;0.1058578;34.62696
97;44.54633;30.13193;0.06341934;39.49022
98;48.10423;30.20919;0.06341934;33.2551
99;45.82236;29.8544;0.09250641;21.00658
100;46.15719;30.31881;0.1177788;33.55312
101;45.47854;29.83613;5.646229;33.18357
102;44.99071;30.13756;0.8296967;28.03755
103;44.95503;29.62623;4.175663;38.09881
104;49.28793;30.54935;4.896164;33.22172
105;47.88565;29.8961;0.731945;28.95212
106;44.06244;29.92042;0.05435944;32.31096
107;45.40469;29.77344;5.007267;38.05876
108;44.5899;30.55113;0.7557869;29.33836
109;43.91389;29.88333;3.717422;37.73069
110;46.04066;30.02967;3.766537;32.9299
111;47.04455;30.1237;5.821228;33.68807
112;46.04875;30.13496;0.9746552;29.29831
113;45.18361;29.94391;5.642891;37.07552
114;43.95808;30.13063;5.579948;33.05149
115;46.31724;30.23488;4.936218;33.70476
116;43.64884;29.68704;3.917694;32.6252
117;48.39061;30.16617;4.659653;33.65898
118;47.27148;30.07014;3.6726;33.1831
119;45.65577;29.95503;5.052567;33.45776
120;45.60414;29.8145;0.8335114;29.12903
121;46.43004;30.20962;5.789757;37.15611
122;44.62975;30.0667;3.655434;33.38432
123;35.36393;24.37019;1.049995;30.12085
124;45.65974;30.09344;3.938675;36.3884
125;42.94099;29.93537;0.08773804;33.24986
126;44.82052;30.14449;3.593445;33.22601
127;43.76908;29.47425;0.06580353;33.13255
128;44.62595;29.53819;3.232002;33.32424
129;35.86224;24.25687;0.07247925;36.52382
130;33.96748;23.41512;0.05149841;31.9376
131;37.15588;24.26473;0.05722046;34.12533
132;49.44947;31.13072;0.2059937;33.47683
133;46.3582;29.70049;0.0705719;33.91933
134;45.60216;29.73081;0.07629395;35.6245
135;48.81639;30.69153;0.07343292;41.03088
136;44.17847;29.63;23.78178;43.44273
137;44.91651;29.19442;9.07135;18.363
138;38.70855;24.50746;9.173393;33.51212
139;37.02991;24.53326;0.05054474;23.94581
140;46.78637;29.24164;0.07724762;34.091
141;40.0113;23.8497;9.076118;41.79764
142;37.1493;24.32383;9.615898;33.75721
143;45.47558;29.98502;9.44519;32.7301
144;47.09526;30.28816;7.744789;33.27847
145;46.04268;29.96616;0.09155273;30.52711
146;34.70727;24.09799;0.1020432;39.65664
147;46.75507;29.89866;0.1163483;37.94384
148;35.18121;24.48685;0.1020432;39.55555
149;34.09227;23.62349;8.858681;18.4164
150;35.48601;23.41878;9.815216;33.74863
151;39.18006;24.20759;0.1144409;32.85217
152;42.2285;24.4099;0.1068115;33.09155
153;48.49355;30.23837;9.922981;33.7019
154;36.01498;24.27709;5.084991;33.0801
155;35.9249;23.81828;0.0743866;28.90205
156;46.54132;30.03483;0.1277924;41.37707
157;38.51943;24.03447;0.0743866;43.51902
158;34.13334;24.2889;0.1211166;19.80972
159;35.9126;24.1063;0.1134872;33.03719
160;37.50674;23.717;6.029129;41.38374
161;35.5317;23.99982;0.0705719;28.8372
162;37.07442;23.59213;0.08392334;34.00803
163;43.15838;24.87902;0.08678436;41.83292
164;35.49562;23.72451;0.07820129;19.12212
165;35.61739;24.70726;9.041786;33.44631
166;47.16305;29.47591;7.430077;33.69141
167;35.37467;24.25912;0.08296967;28.29266
168;35.50042;23.98554;0.09441376;42.89818
169;48.58792;30.33635;24.11842;43.35499
170;34.80057;23.75999;0.08678436;17.7803
171;46.09125;29.92426;9.376526;33.69141
172;35.76804;24.19698;11.37638;43.1509
173;46.48767;30.26455;2.162933;35.12383
174;34.96769;23.746;0.09155273;34.76334
175;35.10113;24.23165;21.55209;40.81535
176;35.17649;24.05046;0.09441376;11.78265
177;45.4283;29.54484;0.06103516;28.84769
178;36.50522;24.57811;0.09822845;34.28555
179;44.17103;29.48337;0.07152557;41.68701
180;48.39061;30.25757;21.42143;40.52258
181;46.11558;30.00733;21.69514;33.90884
182;45.7434;29.83995;8.56781;20.11299
183;47.49631;29.95418;8.946419;33.53024
184;45.66372;30.05894;8.556366;32.73964
185;37.05346;24.66715;5.304337;33.8459
186;45.37522;29.64508;0.05531311;29.69933
187;45.93779;30.23576;0.1001358;41.3065
188;45.04386;30.01678;0.06866455;41.70704
189;45.44011;29.94734;8.512497;19.9461
190;47.36757;30.09344;8.738518;33.37097
191;48.79821;30.21485;0.05722046;33.27274
192;47.70374;30.15923;0.04768372;27.52972
193;46.3828;29.70975;0.04863739;35.00271
194;47.67121;30.10122;0.04577637;32.23705
195;35.49922;24.0991;0.05722046;33.30231
196;33.55658;23.35775;0.05054474;34.02042
197;38.37564;24.66599;0.04959106;32.2876
198;45.51704;30.04602;0.07820129;35.779
199;44.74974;29.91743;0.08869171;38.65814
200;46.23351;30.34513;0.08773804;33.33282
201;46.73215;29.75697;0.08010864;32.78446
202;46.82397;29.75781;0.1239777;33.55503
203;56.90124;29.90549;0.1173019;33.99467
204;37.5955;24.66309;0.09250641;33.81634
205;35.88065;23.63095;0.1573563;32.62234
206;34.41113;23.73579;0.07534027;32.98473
207;36.63148;24.55164;0.09155273;33.79631
208;46.84698;29.48005;0.1068115;33.97846
209;36.32564;24.55681;0.08583069;41.09287
210;50.07766;30.10295;0.09536743;20.66803
211;36.36343;24.0919;0.08201599;33.62846
212;36.64043;23.16425;0.9384155;28.41473
213;38.4319;24.66773;0.9403229;32.9895
214;37.97537;24.16798;5.602837;38.39779
215;36.69044;24.24061;4.922867;33.13446
216;35.31391;23.1991;9.000778;42.01794
217;39.09242;24.6962;1.349449;24.89185
218;34.7948;23.98061;10.7336;41.22257
219;43.52744;23.62669;0.1106262;30.03311
220;36.96204;23.71915;0.07629395;41.15105
221;36.95813;24.70318;0.1869202;20.11776
222;34.66711;24.35377;0.08869171;33.0801
223;47.28427;30.25582;4.078865;32.74345
224;47.07835;29.52321;2.587318;33.41961
225;36.72642;24.39854;0.09727478;38.24043
226;34.71646;23.4078;0.1058578;33.90217
227;36.29044;24.29678;0.1163483;43.28823
228;34.87117;24.2479;0.07820129;17.88044
229;35.86469;23.87033;0.1096725;32.87792
230;36.54976;23.75623;10.11562;42.15622
231;36.42786;24.34246;0.08869171;30.13325
232;36.07072;24.16018;0.08201599;41.96548
233;34.80635;24.23949;0.1440048;19.37199
234;33.23432;22.70628;0.1144409;32.93514
235;41.97998;25.17106;0.9403229;30.35355
236;48.38391;30.03225;0.1344681;47.20306
237;36.36974;24.26698;0.1182556;38.00869
238;34.55629;16.96176;0.0629425;17.33971
239;46.33361;30.02365;0.07915497;33.13446
240;36.91779;24.52522;0.9813309;30.2887
241;47.4791;30.08395;0.07152557;39.83116
242;45.24795;29.96788;0.1144409;33.69236
243;46.44444;30.05291;0.09727478;35.09521
244;47.5782;29.92085;0.08296967;40.87925
245;37.4652;24.12738;0.07629395;19.51122
246;39.24458;23.8573;0.06389618;33.57315
247;35.4141;23.98609;3.305435;32.77874
248;36.00755;24.20815;0.1020432;39.48021
249;47.95902;30.21572;0.1325607;42.47761
250;45.76736;29.46928;0.06389618;18.2476
251;37.13614;24.47428;0.06198883;33.14495
252;35.69864;23.56351;0.0629425;30.68638
253;36.17276;24.27484;0.0705719;40.27081
254;36.86587;24.24341;0.09536743;42.07897
255;47.56957;29.80942;0.06580353;20.29705
256;35.82915;24.17633;9.541512;42.48714
257;45.62597;30.04258;3.561974;23.51379
258;48.44202;30.16096;35.82096;66.72192
259;47.44044;29.92341;0.05531311;0.06961823
260;49.24279;30.21746;0.0705719;33.27847
261;47.64738;30.31793;4.37355;33.35857
262;40.85467;23.59691;11.14655;42.01221
263;49.01262;29.87056;0.09822845;28.28693
264;38.48974;24.27934;0.0667572;32.23038
265;39.6692;29.78317;0.0743866;33.78487
266;43.4751;30.23488;0.07534027;33.96988
267;40.82127;29.51906;0.1163483;35.76946
268;44.60697;30.26717;0.1106262;43.00785
269;41.77261;30.38206;0.05531311;16.73794
270;41.78593;29.99445;0.06389618;33.4053
271;41.95311;29.73671;11.75213;42.01221
272;45.41059;30.43674;0.06771088;28.53298
273;39.85011;29.71733;0.0743866;32.67574
274;44.20082;30.44204;0.08201599;35.96592
275;40.37954;30.34689;0.1001358;41.14532
276;40.22464;29.57568;0.05054474;19.14692
277;40.47306;29.80772;8.686066;41.85581
278;41.50475;30.37414;0.06580353;33.29182
279;41.93465;30.02881;0.06103516;28.72753
280;41.1174;29.37352;0.0667572;34.48486
281;41.63494;30.30479;0.1020432;39.28185
282;44.61456;30.08222;0.1459122;34.46674
283;41.58046;29.91658;0.09155273;32.70435
284;40.2339;30.42614;0.09346008;33.71239
285;40.21076;29.96359;0.09918213;32.42207
286;42.54203;30.29341;0.1249313;38.89275
287;42.0625;29.77471;0.05912781;37.21142
288;42.2234;30.30742;24.26529;35.83908
289;40.81651;29.88418;8.747101;17.7021
290;39.24018;30.2532;8.501053;33.08868
291;39.93358;29.7764;8.682251;33.28228
292;42.41641;30.75364;9.046555;34.00326
293;39.16689;29.12873;0.1144409;33.50925
294;41.99343;30.63235;9.041786;32.59754
295;40.6819;29.55317;0.05912781;33.08392
296;41.58211;30.52979;0.04673004;24.33491
297;40.19689;29.82892;0.1354218;42.60826
298;39.00372;30.31005;8.748055;33.06866
299;39.18885;29.61577;0.09059906;33.17547
300;41.6581;30.0443;8.893013;33.07152
301;45.33598;30.31355;8.729935;33.2346
302;38.64151;29.95161;8.490562;33.17642
303;40.4356;29.84845;8.494377;33.35571
304;40.97761;30.3759;9.254456;33.8068
305;38.14391;29.68704;8.716583;33.09917
306;40.66928;30.39527;0.07724762;33.58269
307;39.91534;29.73334;0.05340576;32.97424
308;39.6542;30.63146;8.532524;33.57887
309;38.96314;29.16924;8.834839;32.93037
310;39.55547;30.84138;8.749962;33.1049
311;39.50629;29.96274;8.616447;33.1583
312;38.96459;29.3308;8.646011;33.53786
313;42.34618;30.94331;8.759499;33.19263
314;39.5704;29.76288;8.904457;33.15639
315;41.66472;30.30391;8.646965;33.10299
316;38.97907;29.52155;8.980751;33.61034
317;39.25193;30.63593;0.05722046;33.02574
318;38.05531;28.96699;0.05722046;33.66089
319;44.24745;30.64399;0.06198883;33.39958
320;39.44536;24.53441;8.821487;32.83787
321;38.28177;30.00389;0.05435944;33.12683
322;39.44684;30.18527;0.05149841;33.11539
323;39.00082;29.86971;0.06771088;33.66184
324;38.13974;30.06842;0.08869171;33.31184
325;41.88775;29.92853;0.1010895;32.9895
326;39.99451;30.25669;0.05912781;33.41961
327;39.38609;30.07963;0.06771088;33.47206
328;37.59415;29.61912;0.1411438;33.1192
329;39.77001;30.36007;0.1564026;32.79781
330;41.78593;30.41996;8.142471;33.14209
331;39.83951;29.91999;0.07629395;33.31757
332;38.91397;29.63083;0.09441376;34.0004
333;41.00164;30.36358;0.1134872;32.90939
334;39.69473;29.90293;8.765221;33.04863
335;38.66146;30.07618;7.727623;33.04482
336;39.6527;30.18701;0.05054474;33.14972
337;40.06786;30.34074;0.05817413;33.90026
338;40.53878;29.53569;0.1592636;33.48923
339;38.59031;29.90122;0.07915497;32.81498
340;40.34847;30.18875;0.06866455;32.96185
341;39.6617;30.04344;8.631706;33.48064
342;40.78158;30.26368;0.0629425;33.041
343;41.39661;29.77894;0.05626678;33.05054
344;42.77807;29.48917;9.65023;43.30349
345;42.64584;30.86407;0.07534027;23.53954
346;41.80592;29.96788;0.04863739;32.83119
347;39.90623;30.01591;0.0667572;33.53119
348;40.42625;29.99531;0.06389618;33.79917
349;41.31179;29.84335;0.06008148;32.67765
350;39.25193;30.13496;5.482674;33.31184
351;42.6632;30.12457;0.05340576;33.37288
352;40.63303;30.23924;0.05245209;32.9771
353;39.63172;29.71986;0.04768372;33.68187
354;41.74932;30.53868;0.04959106;33.02193
355;39.78208;29.85355;0.05149841;33.28514
356;39.10263;29.83486;0.0705719;33.12683
357;42.62851;30.28116;0.04768372;33.83255
358;41.81926;30.38822;0.05340576;32.82928
359;40.13227;29.6694;0.05340576;33.36525
360;41.17553;30.24971;0.04768372;33.59222
361;40.28337;29.71312;0.05340576;32.85217
362;41.63329;30.3267;0.05531311;33.17642
363;39.49736;30.02451;0.1106262;33.55408
364;40.97281;29.93366;0.05149841;33.4034
365;42.6008;30.69242;0.05912781;32.97615
366;40.2123;29.59905;0.05531311;33.57506
367;41.69288;29.99016;0.05912781;32.88269
368;42.82699;30.38294;0.0705719;33.39577
369;40.15071;29.58569;8.619308;42.25349
370;42.11825;30.55647;9.48143;33.90312
371;38.58463;29.5907;0.05340576;23.50998
372;41.73603;30.84773;0.04959106;33.42438
373;40.29885;29.47094;0.04959106;33.02002
374;45.50321;29.7047;0.06103516;33.40721
375;43.46249;29.86205;0.05149841;33.43391
376;46.75716;30.45707;9.157181;42.38319
377;42.03046;30.52445;0.05531311;23.86665
378;38.86206;29.78401;0.04959106;33.50639
379;40.90886;29.96959;0.1354218;33.17261
380;42.69794;30.43762;0.05340576;33.23746
381;40.89291;29.82807;0.05340576;33.57887
382;40.86741;29.81281;8.85582;41.996
383;41.73271;30.09172;8.598328;32.89795
384;41.52448;30.54401;0.05149841;24.56474
385;42.1555;29.90463;0.04959106;33.1192
386;39.79416;30.15749;8.892059;42.44614
387;40.57957;29.75528;0.04386902;24.66393
388;40.28337;29.53403;8.541107;42.23824
389;42.06756;30.58321;0.1239777;32.47452
390;40.93442;30.05032;8.932114;33.55598
391;40.46993;29.88247;0.04959106;24.37973
392;43.20462;30.03139;0.05912781;33.23174
393;43.2688;30.03311;8.489609;41.79955
394;41.14967;29.81111;0.06866455;25.04539
395;42.66667;30.24448;8.499146;41.52679
396;43.70159;30.22007;8.405685;33.29659
397;41.52776;29.75359;9.134293;33.741
398;43.78919;30.90592;0.07629395;32.82166
399;39.61375;29.24409;0.1316071;33.35953
400;41.40968;30.16096;8.460999;33.30231
401;41.58706;29.69797;0.1316071;33.45108
402;44.75739;30.89317;8.535385;33.06198
403;39.86375;29.1514;8.729935;33.10776
404;43.94703;30.96981;8.699417;33.25844
405;41.59365;29.69797;8.634567;33.17451
406;41.18523;29.76204;8.586884;33.30421
407;39.84254;24.29509;8.285522;33.34427
408;42.42155;29.91658;0.08201599;33.10966
409;40.76256;30.28641;0.1010895;33.53119
410;41.85932;30.55113;0.0629425;33.11348
411;39.98841;29.61912;0.0629425;32.92274
412;42.09458;30.27941;0.04768372;33.65517
413;39.36096;29.37352;0.05722046;33.3519
414;45.7095;30.77891;0.0705719;32.96852
415;41.13999;30.00217;0.05531311;33.48351
416;41.30529;29.99874;8.468628;33.00476
417;41.65975;29.96788;0.05722046;33.2756
418;40.36089;29.86205;0.05912781;33.57315
419;41.12385;30.15055;8.424759;32.99332
420;39.1786;29.63754;0.06866455;33.77342
421;43.0839;30.65295;0.07247925;32.78732
422;40.53564;29.72491;0.0629425;33.41866
423;43.55275;30.38118;0.06866455;33.1192
424;40.59842;30.10209;0.0743866;33.74481
425;40.37333;29.50577;0.06103516;32.92847
426;42.05069;29.77048;0.0743866;33.57887
427;43.71617;30.76266;0.07247925;33.15163
428;41.81926;30.00733;0.07820129;33.68759
429;41.46864;29.81789;0.05722046;32.96661
430;41.68625;30.42879;0.0629425;33.41866
431;40.15686;29.74853;0.05722046;42.14287
432;39.7489;30.3267;0.05149841;23.74268
433;40.91844;29.81789;0.05340576;33.76007
434;43.30811;29.6862;8.199692;33.06961
435;42.02036;30.51202;7.62558;32.9895
436;41.77594;30.31968;7.8125;33.39958
437;40.14764;29.85695;0.06484985;33.13828
438;41.57716;30.33547;8.659363;33.64944
439;43.17615;29.45769;0.06866455;33.46634
440;46.0872;30.24797;0.3108978;32.85217
441;41.21113;29.62247;0.1678467;33.10776
442;41.18847;30.74823;7.364273;33.92792
443;41.17876;29.79417;0.1678467;32.71866
444;39.6647;30.20092;0.05531311;33.1459
445;42.60426;30.59571;0.1888275;33.98323
446;38.87646;29.7671;0.0629425;32.39822
447;41.72939;29.97302;0.09346008;33.3004
448;39.60777;29.61577;6.298065;34.11674
449;41.38353;30.52268;0.1010895;32.39059
450;40.59842;29.76035;6.439209;33.1707
451;41.66637;30.42702;0.06484985;33.63037
452;39.99451;28.9422;0.08201599;33.47206
453;47.50276;30.87861;0.06866455;32.61757
454;41.97662;30.14016;0.05531311;33.41484
455;41.93298;30.11938;0.2212524;33.55408
456;40.9696;30.15923;7.066727;32.95708
457;40.81333;29.90804;0.05722046;33.48923
458;39.5331;30.06066;0.0743866;33.26225
459;43.58533;30.05205;9.279251;42.63306
460;41.97998;29.64424;0.1068115;24.01924
461;41.52448;30.35479;0.0743866;32.97806
462;40.37022;30.09344;0.06103516;33.52928
463;41.02731;29.96445;9.794235;42.86766
464;43.4157;29.77217;9.975433;33.37288
465;44.44249;30.18006;0.169754;32.97043
466;41.62998;29.87907;9.847641;33.48351
467;42.63544;30.41114;0.05531311;23.23151
468;41.93633;30.31267;0.04959106;33.32138
469;38.74431;29.82298;0.0629425;33.18787
470;42.45591;29.99531;0.05722046;33.16307
471;39.4083;29.91828;0.0705719;33.76579
472;47.04666;30.21833;0.0629425;32.51076
473;40.8038;29.47425;0.05531311;33.58841
474;45.38897;30.732;0.06484985;33.98514
475;40.51059;29.87056;0.04959106;32.547
476;41.53763;30.27417;0.05149841;33.33664
477;39.98536;29.79078;0.05340576;33.39005
478;42.39754;29.93537;0.09727478;42.88483
479;42.80951;30.34952;0.05149841;23.50998
480;41.50475;30.21659;0.05340576;33.18787
481;39.29017;28.85142;0.05149841;33.31566
482;43.24381;30.92415;0.0667572;33.21457
483;40.53564;30.3847;0.05722046;33.34808
484;39.8486;29.26041;0.05722046;33.7429
485;42.42155;30.4925;0.04959106;32.46689
486;42.985;30.60821;0.05722046;33.65517
487;41.93969;29.49747;0.04768372;33.04291
488;43.63612;30.28991;0.04959106;33.27942
489;44.17661;30.32495;0.07247925;33.47969
490;41.15614;29.13358;8.609772;42.25349
491;42.74668;30.723;9.300232;33.59222
492;44.05411;29.82637;8.924484;32.77016
493;42.05744;29.88588;0.05340576;24.18327
494;43.52383;30.75905;0.05340576;33.24699
495;42.62157;29.97816;0.04959106;33.54263
496;43.27951;29.44446;0.06103516;33.13065
497;46.68222;30.60999;8.823395;42.17339
498;43.81481;29.9833;9.109497;33.37288
499;41.48176;29.98502;9.134293;33.33664
500;42.63891;30.23227;0.04959106;24.12796
501;41.80592;29.90975;0.0667572;33.21266
502;41.3868;29.67948;0.04768372;33.36143
503;44.79945;30.24273;8.796692;42.51862
504;40.26171;30.21136;8.684158;32.77016
505;40.611;29.7519;0.05149841;24.30153
506;42.19282;30.62072;8.853912;42.16766
507;40.84512;29.90804;8.699417;33.55789
508;42.15889;30.03827;8.871078;33.45299
509;40.3951;29.43619;8.718491;33.38623
510;42.77109;30.67626;0.06484985;33.00285
511;40.18148;29.58569;8.962631;33.2222
512;46.12369;30.27941;8.773804;33.21648
513;40.3951;30.09172;8.476257;33.14781
514;42.58004;30.29516;9.088516;33.52737
515;40.18148;29.73166;8.432388;33.35571
516;45.25185;30.28816;0.08773804;32.81975
517;40.63303;29.76372;0.1029968;33.58459
518;42.85149;30.14535;0.09155273;32.78923
519;41.13353;30.0969;8.672714;33.33473
520;41.38027;30.109;8.584976;33.36525
521;42.66667;30.07273;0.09727478;33.18024
522;40.70875;29.55567;0.07247925;33.30231
523;41.95982;30.67985;0.08392334;33.22792
524;40.47618;29.87396;8.472443;33.12874
525;40.97921;30.08481;8.609772;33.4301
526;42.83049;29.88929;8.985519;33.33092
527;42.97795;29.97987;8.852005;33.16498
528;44.93769;30.14882;0.06484985;33.30803
529;42.75365;29.83995;8.573532;33.1707
530;42.49376;30.4854;8.735657;33.28896
531;40.83876;29.72828;0.0629425;33.04863
532;44.67348;30.31618;9.559631;34.10912
533;43.00262;30.58143;8.665085;32.52792
534;39.21669;29.64927;9.090424;33.86116
535;40.4169;29.15302;0.05340576;32.93991
536;42.75016;30.64578;8.543015;33.00476
537;42.51788;30.0142;0.05722046;33.3519
538;41.13676;30.32495;0.05531311;33.70094
539;42.71185;29.85185;8.512497;32.83119
540;44.53687;30.15402;8.699417;33.30231
541;42.71533;29.90634;0.0705719;33.56361
542;42.56966;29.62916;0.0705719;32.9895
543;42.37355;30.33723;0.05722046;33.31566
544;42.20301;30.08481;0.05912781;33.34618
545;40.64878;30.75003;0.05340576;33.23746
546;39.76397;29.41802;0.0667572;33.16689
547;41.86935;29.98502;0.0705719;33.71048
548;43.749;29.99702;0.1220703;32.94563
549;43.01674;30.45;8.686066;33.15544
550;41.12385;29.50245;0.05912781;33.5083
551;42.29493;30.50847;0.09346008;33.57887
552;40.36089;29.70975;0.0667572;32.37152
553;41.05944;30.19744;0.1487732;33.80203
554;40.25553;29.94391;0.08773804;33.39958
555;45.05741;30.18527;0.05722046;32.84645
556;41.89277;29.67444;0.05722046;33.63991
557;42.15889;30.13323;0.07629395;33.27942
558;44.67348;30.63325;0.0667572;33.0143
559;42.2132;29.67612;0.05531311;33.30612
560;41.36721;30.06411;0.1296997;33.28133
561;44.19896;30.17311;0.05340576;33.02956
562;41.34437;29.96103;0.0743866;33.16689
563;42.11148;30.21659;0.05912781;33.15735
564;41.95982;29.74853;0.06484985;33.34236
565;41.75597;29.92341;0.05340576;33.21838
566;42.92165;30.56716;0.05912781;33.42056
567;44.17289;30.46592;0.05149841;33.144
568;40.38577;24.03337;0.0705719;33.5598
569;40.47931;29.98502;0.06484985;32.81403
570;41.19818;30.26543;0.05149841;33.42247
571;40.46369;29.78232;0.05340576;33.05435
572;39.07057;29.59571;0.05912781;33.33473
573;47.80596;30.15229;0.05722046;33.38051
574;41.746;30.40232;0.05912781;33.36906
575;40.45744;29.65262;0.06103516;33.05054
576;41.12708;30.50492;0.06103516;33.47397
577;40.84512;30.07273;0.1373291;33.02383
578;40.5012;29.74684;0.0667572;33.18024
579;43.2688;29.82977;0.0743866;33.80394
580;42.18264;30.23227;0.04959106;32.84836
581;42.2098;29.95076;0.05722046;33.23555
582;40.46681;30.58678;0.05722046;33.4034
583;39.93662;29.65094;0.05722046;33.29849
584;40.40444;30.18701;0.04768372;32.87888
585;41.23382;29.85695;0.04959106;33.57315
586;43.53467;30.33196;0.04768372;33.44345
587;43.90286;29.99188;0.05340576;32.88078
588;42.89707;17.13192;0.05149841;33.5598
589;43.98389;30.42879;0.04959106;33.34999
590;43.31169;30.01248;0.05149841;33.09822
591;39.55696;29.44777;0.0705719;33.3519
592;44.48774;30.76808;8.69751;42.19627
593;40.92163;30.13323;0.0705719;24.06883
594;42.24041;29.75528;0.09536743;33.74481
595;43.79651;30.15923;0.04577637;33.1192
596;41.87269;30.26019;0.05149841;32.76443
597;42.72578;29.67612;0.05149841;33.72002
598;44.8416;30.4553;0.1335144;42.39273
599;42.2132;29.85015;9.004593;32.96089
600;41.1626;30.23576;0.05149841;24.15466
601;41.14645;23.6977;0.04959106;33.43391
602;41.61676;30.61536;0.05912781;33.12302
603;39.96402;29.58068;0.04959106;33.39386
604;42.73623;30.19744;8.926392;42.63687
605;41.98671;30.46769;8.76236;32.74536
606;40.85786;29.90804;9.197235;33.22792
607;41.27602;29.95589;0.05149841;24.28627
608;42.76062;30.41114;0.05340576;33.11539
609;39.72782;30.08654;8.304596;41.92924
610;42.38383;29.31931;0.04959106;24.94049
611;45.79334;30.61715;8.821487;42.03033
612;38.55626;29.18873;33.33664;57.6725
613;41.77594;30.64041;18.9209;18.93616
614;41.27602;29.96959;18.75114;33.22792
615;41.48176;29.88077;18.43643;33.09441
616;43.69067;29.5907;17.15469;31.66771
617;43.83679;30.79699;19.3634;35.31265
618;41.32156;29.80264;17.01355;31.32248
619;41.59035;30.37766;18.3754;34.20448
620;42.08444;30.37062;18.88657;33.73718
621;38.96893;29.75866;17.67731;32.26852
622;40.20613;29.70639;18.61572;34.09004
623;42.07769;30.35479;19.61327;33.97179
624;40.91525;30.17138;0.07629395;32.1064
625;41.1174;29.9713;0.06866455;14.89067
626;42.69446;30.11765;9.151459;42.28592
627;40.46056;29.34886;8.056641;32.5985
628;39.99451;29.28656;0.0743866;33.65707
629;41.8493;31.5722;8.993149;33.42247
630;40.16917;29.14654;0.07629395;32.91702
631;41.93969;30.6422;8.653641;33.42056
632;44.29605;30.75544;8.638382;33.02765
633;39.55398;29.51241;0.04577637;25.02251
634;40.07093;29.3653;8.97789;41.88728
635;45.62597;31.26158;8.520126;32.85217
636;39.70074;29.63083;7.9422;33.42247
637;41.79592;30.57073;0.06484985;33.13637
638;39.89712;29.63419;8.88443;33.36906
639;39.39349;30.00733;8.113861;33.00858
640;43.2153;30.02107;8.413315;33.44536
641;38.68713;29.56567;8.325577;33.14209
642;44.44249;30.09517;0.09536743;34.04236
643;41.83928;30.21833;0.06103516;32.7034
644;41.57057;30.55826;8.60405;33.29659
645;40.30504;29.62247;8.340836;33.11157
646;40.65194;29.64089;8.66127;33.33664
647;43.07328;29.90293;0.05149841;32.90749
648;33.85999;24.57869;8.15773;33.65898
649;42.50065;30.64936;0.05531311;33.16879
650;40.47306;29.76204;14.88686;39.52408
651;39.09971;30.18701;8.340836;26.94702
652;40.05256;29.88418;8.611679;33.25844
653;40.84194;30.19396;0.05340576;33.535
654;40.99844;29.74684;0.0743866;33.23746
655;41.41623;30.28291;0.0667572;33.48541
656;40.86741;29.88247;8.331299;32.71675
657;42.48343;29.91487;0.07820129;33.72002
658;43.31169;30.47477;0.06484985;33.56171
659;39.9123;30.02623;0.0629425;32.85789
660;37.97812;29.59738;8.480072;33.14018
661;44.14314;30.00217;0.0705719;33.56552
662;43.57809;30.44646;0.05722046;33.00858
663;40.75305;30.33723;8.214951;33.09441
664;39.97012;29.41967;0.06103516;33.68378
665;41.52118;30.25844;0.1106262;33.03909
666;41.50475;29.76035;0.1106262;33.37479
667;43.09807;30.4129;0.06103516;33.48541
668;41.46864;29.97644;0.08201599;33.02765
669;42.3496;30.31443;0.07247925;33.15926
670;40.08318;29.89099;0.202179;33.63228
671;41.55739;30.30742;0.1506805;32.6786
672;40.05562;29.98673;0.1564026;33.88977
673;40.38888;29.85185;0.1487732;33.08678
674;40.88972;30.15055;0.0629425;32.92274
675;42.71185;30.109;0.08392334;33.02002
676;41.9464;29.96616;0.08201599;33.39386
677;40.02504;30.32319;0.05722046;33.21266
678;44.341;29.3834;6.851196;32.97806
679;41.25653;30.55113;6.917953;33.62846
680;39.87284;29.82298;7.045746;33.8192
681;41.06909;30.49959;0.1125336;32.59277
682;40.15686;29.67444;0.07247925;33.0658
683;41.44569;30.45353;6.397247;33.24127
684;41.17229;30.2532;5.571365;33.59413
685;38.01117;28.92783;0.0705719;33.34999
686;41.50804;30.44823;0.0705719;32.89223
687;40.75305;30.30566;8.970261;42.56821
688;40.73722;29.93024;5.157471;24.17374
689;40.46993;30.10209;0.04959106;32.76253
690;40.84194;29.89099;0.06103516;33.53119
691;40.15994;29.56734;6.492615;33.66852
692;46.44649;30.47123;6.046295;32.98759
693;41.73935;30.45;0.05531311;33.23364
694;40.59528;30.05894;0.04577637;33.35571
695;41.16906;30.1263;0.0629425;32.91512
696;39.89104;29.71649;0.06103516;33.60558
697;41.18847;30.18701;0.05531311;33.07152
698;43.36184;30.0969;0.05149841;33.69713
699;41.51132;30.34776;0.06484985;33.03146
700;38.38407;29.61912;0.04959106;33.34808
701;41.79259;29.93879;0.04768372;33.1192
702;41.46536;30.11246;0.04768372;32.92656
703;41.17553;30.27941;0.05531311;33.6628
704;38.60168;29.07542;0.0667572;33.1459
705;42.14534;31.09472;0.07820129;33.62465
706;39.28134;30.21833;0.05531311;33.07343
707;39.4706;29.41307;0.05722046;33.14781
708;43.45889;30.32845;0.05149841;32.94754
709;44.62025;30.11246;0.05531311;33.41866
710;42.69099;29.75359;0.05722046;33.18214
711;43.10516;30.51735;0.05149841;33.46252
712;39.19324;30.23227;8.707047;42.46521
713;41.63659;30.12803;0.04768372;24.14322
714;40.28027;29.91487;0.06866455;33.2489
715;41.53763;30.18353;0.05149841;33.33282
716;41.54092;30.28816;0.0705719;33.29277
717;40.73722;29.88418;0.04577637;33.1192
718;38.97762;29.31768;9.092331;42.47665
719;40.8961;30.67806;0.05149841;24.26338
720;39.6647;29.87566;0.04577637;33.22792
721;42.9322;29.79586;0.04577637;33.08868
722;42.13856;30.03139;0.04959106;33.22029
723;43.20818;30.33899;0.04768372;33.03909
724;40.07399;30.30041;8.676529;42.55676
725;40.02198;29.92853;0.04577637;24.18518
726;40.44184;30.07101;0.05149841;33.50258
727;40.01893;30.12803;0.05722046;33.03528
728;39.83043;29.75866;9.004593;42.17339
729;41.88942;29.97473;0.05722046;24.25766
730;40.84194;30.16964;0.1029968;33.50258
731;40.69611;30.17659;0.05149841;33.42819
732;40.28027;29.54401;0.0629425;33.34808
733;40.86104;30.40585;8.890152;42.07611
734;40.50745;30.10036;9.426117;33.48541
735;39.93358;30.00217;8.930206;32.6519
736;42.67361;29.68284;8.88443;33.34045
737;41.19818;30.73561;8.729935;33.69904
738;40.14764;29.42958;8.665085;32.84836
739;42.80601;30.29166;8.665085;33.10966
740;40.01588;29.76541;0.04577637;24.46747
741;42.06756;30.47123;0.04768372;33.38623
742;39.92142;29.32916;8.472443;41.92352
743;42.35644;30.98995;0.0743866;33.61702
744;40.58585;29.77725;8.367538;32.77016
745;43.85879;30.32495;8.750916;33.49876
746;40.31744;29.21964;0.1163483;24.57237
747;42.85149;30.73381;8.651733;41.92543
748;40.92483;30.11246;8.680344;33.3786
749;40.34226;29.61075;8.693695;33.33282
750;40.54818;30.89863;8.678436;32.9895
751;39.25487;29.39493;8.947372;33.4301
752;40.8038;29.99531;0.05149841;24.62006
753;41.94304;30.39351;8.331299;41.46194
754;41.67963;29.77048;0.0667572;33.61511
755;40.74038;29.91146;9.170532;33.73146
756;42.13518;30.02279;8.415222;32.75681
757;42.59042;30.76988;0.05149841;33.47397
758;40.16301;29.58402;8.804321;33.05435
759;42.20301;30.19396;8.365631;33.26416
760;40.11078;30.04688;8.337021;33.07343
761;39.62872;29.30293;0.0667572;33.3519
762;41.20465;30.26193;8.808136;33.63609
763;41.03373;30.26543;8.92067;33.11729
764;41.90951;30.22181;0.08201599;33.41675
765;41.22409;29.81959;0.05912781;33.04672
766;42.04732;30.33021;0.0629425;33.57315
767;40.11385;29.9217;0.05722046;33.03528
768;40.68664;30.02795;8.68988;33.24318
769;40.28027;29.51241;0.06103516;33.80775
770;44.71921;30.50847;0.06484985;33.10776
771;40.64878;29.98673;0.08583069;32.7301
772;40.56701;30.23924;0.06103516;33.50639
773;40.20922;29.99702;0.05340576;33.3786
774;39.95793;29.62581;0.05912781;32.90749
775;43.45889;30.23053;0.1754761;34.58214
776;41.81592;30.66012;0.06103516;32.19986
777;38.9082;29.7519;0.06103516;33.30612
778;41.77594;30.50137;0.1220703;33.38051
779;40.59842;29.74515;0.06866455;33.17451
780;40.24008;29.59404;0.05912781;33.08105
781;43.89919;29.67276;0.1411438;33.45108
782;41.1626;24.782;0.05912781;33.58841
783;43.93966;30.23227;0.0629425;32.6519
784;39.03857;29.9217;0.1087189;33.59795
785;39.8486;29.84675;0.05722046;33.37288
786;41.04337;30.30917;0.05531311;32.76825
787;42.40783;30.14362;0.05340576;33.11729
788;42.7049;28.50011;0.08583069;33.43582
789;43.37978;30.68524;0.05722046;33.29086
790;43.40133;30.53156;0.05340576;33.12683
791;42.38041;30.31968;0.0629425;33.38051
792;41.44569;30.45;0.04959106;32.80449
793;40.69927;29.77725;0.0667572;33.62274
794;40.19072;29.8944;0.1983643;33.70667
795;42.26084;30.31618;0.05340576;32.71484
796;40.11999;29.6778;0.05531311;33.57124
797;41.01126;30.28816;0.05912781;32.86362
798;39.27839;30.24448;0.05340576;33.46062
799;39.00372;29.26858;0.0667572;33.34618
800;41.64983;30.109;0.06103516;32.8331
801;41.69288;30.75183;0.05722046;33.46443
802;41.08196;30.09863;0.05722046;33.23555
803;39.77906;29.30293;0.05722046;33.3004
804;41.34111;30.57786;0.05531311;33.34236
805;39.08222;29.76204;0.04768372;33.09822
806;44.1357;30.08826;0.04959106;33.28705
807;39.55696;30.3759;10.41985;43.70308
808;40.50433;29.96274;0.04577637;23.02551
809;40.52938;30.11765;0.04768372;33.0162
810;42.33592;29.83995;0.04959106;33.30231
811;40.76889;30.12457;0.04768372;33.54454
812;41.0498;29.89099;0.06103516;32.86743
813;41.24355;30.2532;0.04577637;33.39386
814;39.61674;30.14882;0.05722046;41.95976
815;41.6962;30.43232;0.07629395;33.68378
816;40.69927;29.96274;0.3204346;34.42192
817;40.37954;29.58736;0.09918213;32.12738
818;42.17246;29.89099;0.0667572;24.24049
819;42.41812;30.39351;0.05340576;33.39958
820;38.56193;29.77556;0.05531311;33.28133
821;41.83594;31.02296;0.07629395;32.77779
822;39.5689;29.47425;0.1068115;33.41675
823;40.41067;29.73166;0.04768372;33.54645
824;42.36329;30.2532;0.04959106;33.21457
825;42.05744;30.10727;0.05531311;33.56934
826;41.75597;30.0486;9.273529;42.42897
827;39.74287;30.28116;0.05149841;23.72169
828;40.38577;30.05205;0.05149841;32.97234
829;44.65826;29.74515;0.04577637;33.35381
830;39.88801;28.96299;0.05722046;33.29086
831;46.64484;31.26345;0.05149841;33.39195
832;41.28252;30.11073;0.1029968;42.4118
833;40.73089;29.96616;0.05340576;24.1127
834;40.97921;30.33021;0.05340576;33.21457
835;39.97316;29.92853;8.838654;42.22107
836;40.37954;30.14535;0.04959106;24.189
837;42.9322;29.3226;0.04577637;33.34045
838;43.5166;30.80785;8.476257;42.34314
839;40.44184;30.17659;9.033203;33.62656
840;39.34914;29.74853;0.04577637;23.8533
841;39.93054;29.78232;0.05340576;33.29849
842;42.68751;30.74642;9.254456;42.42706
843;38.99792;29.23756;8.480072;32.66525
844;40.77524;30.61357;8.926392;33.91266
845;39.9123;30.03827;8.815765;32.92084
846;40.40444;30.23924;8.853912;33.24509
847;39.27251;29.68788;8.43811;33.01239
848;39.84557;30.50669;8.804321;33.54645
849;39.73685;29.82637;8.495331;32.8331
850;42.28811;29.71817;8.457184;33.39386
851;41.96318;30.44292;0.08392334;33.64563
852;40.66139;29.9833;8.979797;33.29849
853;38.05807;29.87056;0.04577637;24.35684
854;40.68664;30.52445;9.147644;41.99219
855;39.82136;30.13842;8.724213;33.11539
856;39.61076;29.09801;8.651733;33.26035
857;42.03046;31.23737;0.07247925;33.58078
858;39.68872;29.66437;8.422852;32.78351
859;39.79113;29.64759;8.071899;33.03528
860;38.75004;30.00389;8.693695;33.65707
861;40.16301;30.34425;8.605957;33.10394
862;38.89377;29.62414;8.277893;33.19931
863;43.79285;30.40408;0.1106262;33.80585
864;39.38462;30.47832;0.06103516;32.83691
865;40.78158;29.16275;8.274078;33.19168
866;41.05622;30.18353;8.50296;33.31375
867;41.86935;30.48895;8.346558;33.29468
868;37.25753;29.05609;0.07247925;33.20313
869;43.27237;30.62072;9.307861;33.87451
870;38.18002;24.62834;0.06866455;32.66525
871;41.96318;29.90804;0.06103516;33.2489
872;38.43754;30.03139;8.499146;33.28705
873;40.00366;30.12803;8.56781;33.26797
874;40.32364;30.19049;8.281708;33.07343
875;40.67401;29.65094;8.747101;33.51593
876;39.84557;29.95589;0.08392334;33.39005
877;39.68271;30.43585;8.277893;33.11157
878;39.10846;29.86715;8.678436;33.27179
879;39.74287;30.18701;8.262634;33.02002
880;40.41067;30.06239;8.846283;33.82492
881;38.20227;29.564;8.693695;32.99713
882;39.96707;30.21485;0.08392334;33.57697
883;40.23699;30.49959;8.708954;33.00476
884;37.10985;29.76879;0.05340576;33.1192
885;40.19997;30.12803;8.220673;33.37097
886;39.59281;29.9217;8.159637;33.16879
887;38.70427;29.96616;0.05722046;33.48541
888;40.49181;30.20788;8.63266;33.47015
889;39.28428;30.09344;0.05340576;33.22983
890;40.67401;29.74177;0.05340576;33.25272
891;39.86981;30.3759;0.06103516;33.04672
892;37.29994;29.94563;8.201599;33.21838
893;38.10233;29.82637;0.06103516;33.3786
894;39.02695;30.42172;8.18634;32.88651
895;38.80166;30.01076;0.2098083;34.01947
896;39.75493;30.24273;0.06484985;33.2222
897;38.8419;29.68788;7.247925;32.69196
898;39.47952;30.20788;0.08392334;33.43582
899;39.36096;30.09344;7.717133;33.34045
900;38.60168;30.13496;0.06484985;32.74155
901;39.95488;30.02795;0.05340576;33.23364
902;41.66969;29.97987;7.637024;33.76389
903;38.85918;30.19049;0.06866455;32.6767
904;39.48547;29.80942;8.914948;33.68378
905;39.94271;30.01763;0.05722046;32.86362
906;39.89408;30.17659;0.06103516;33.48923
907;38.52792;29.93879;0.05722046;33.44345
908;39.59281;30.06928;0.1525879;33.4816
909;40.33605;30.24971;0.05340576;32.77206
910;40.99844;29.43784;0.06103516;33.23746
911;39.23137;30.36534;8.220673;33.5083
912;38.77296;29.50079;7.125854;33.06961
913;41.7161;31.0634;0.07629395;33.10013
914;40.60471;29.74177;0.05340576;33.48923
915;38.10233;29.88758;0.05722046;32.9361
916;40.42936;30.39351;6.210327;33.51974
917;40.11999;29.9217;0.06484985;33.27179
918;39.42608;29.60741;0.05340576;33.10394
919;39.67671;30.29166;0.06866455;33.48923
920;40.90886;30.17311;0.05340576;33.07724
921;40.05868;29.90463;0.04959106;33.10013
922;43.17971;30.34074;0.04577637;33.59222
923;41.06266;30.05894;0.09155273;33.2222
924;38.66431;30.04516;0.05340576;33.37097
925;39.12013;29.34229;0.04577637;33.15353
926;43.76361;30.78614;0.04959106;33.33282
927;40.24317;30.28116;0.06103516;33.35571
928;39.49141;29.61744;0.04577637;32.90558
929;41.55739;30.15576;0.05340576;33.2222
930;39.43794;30.01763;0.05340576;33.82874
931;40.53564;29.30293;0.04577637;32.99332
932;45.3066;30.82234;0.05722046;33.41293
933;41.1529;30.22181;0.04577637;32.91702
934;39.6707;29.74853;0.05340576;33.35953
935;40.99202;30.66012;0.05340576;33.21457
936;38.3925;29.57401;0.04959106;33.29086
937;41.53105;30.46061;0.04577637;33.1459
938;39.97316;29.60741;0.06866455;33.60367
939;42.37698;30.16617;0.05722046;33.23364
940;41.31505;30.38998;0.06484985;33.24127
941;38.19671;29.66772;0.04959106;33.17261
942;40.65509;30.3759;0.04577637;32.87888
943;42.02373;30.36183;0.05340576;33.52737
944;39.90015;29.00144;0.05722046;33.14972
945;45.8454;30.69961;9.086609;42.58347
946;42.52133;29.7148;0.06484985;24.33395
947;41.30854;30.66012;0.04959106;33.26035
948;38.51094;29.86715;0.06103516;42.45377
949;40.66139;29.81281;0.04959106;24.17755
950;41.47848;30.23924;0.05340576;32.68433
951;40.32364;29.45769;0.04959106;33.42819
952;43.00968;30.21485;0.04577637;33.55026
953;41.20465;30.20788;0.05340576;33.17261
954;39.89408;30.41819;0.06484985;33.21457
955;40.17533;30.02107;0.05722046;33.33282
956;40.69927;30.04171;9.2659;42.27829
957;40.30504;29.66437;9.376526;33.51974
958;40.52311;29.55067;8.956909;33.55026
959;42.98147;30.82959;0.05722046;23.60535
960;38.70998;29.89099;0.04577637;33.23364
961;40.6677;30.06583;0.04959106;33.3519
962;42.74319;30.26019;0.04577637;33.20313
963;40.62988;29.6778;0.06484985;33.22601
964;41.7161;30.08654;0.06484985;33.65326
965;39.5689;30.18006;8.75473;41.99982
966;41.0884;30.44292;0.04577637;24.25003
967;39.44387;29.67108;8.666992;42.16766
968;40.72456;30.36534;0.05340576;24.2424
969;40.58585;29.62414;0.04959106;33.41675
970;44.13942;30.53868;8.861542;42.03415
971;38.98052;29.90804;8.468628;33.41293
972;39.58683;29.44115;8.514404;32.97043
973;41.70283;30.54579;0.04959106;24.89853
974;41.06909;30.04171;8.693695;42.02271
975;40.36089;29.92511;8.766174;32.77969
976;41.74932;29.9217;0.04577637;24.67728
977;40.0648;30.40761;8.968353;42.34695
978;40.41067;29.89781;8.50296;33.11539
979;41.0498;30.43939;8.483887;33.08105
980;40.46681;29.82637;8.88443;33.47015
981;39.68271;29.40153;8.392334;32.82547
982;40.31744;29.94563;0.04959106;24.89853
983;45.78135;30.80061;9.117126;42.23251
984;42.03046;30.45353;0.06484985;32.9361
985;39.39645;29.56734;8.319855;32.89795
986;39.97926;30.00046;8.716583;33.63419
987;41.36721;30.42525;8.575439;33.53119
988;38.32515;29.69797;8.075714;32.77969
989;42.37698;29.49747;9.067535;33.52356
990;42.41812;30.47832;0.07629395;33.5083
991;42.65278;30.00046;8.495331;32.84836
992;40.70559;30.17311;8.842468;33.41293
993;43.08744;30.13149;8.590698;33.13828
994;38.89954;30.00389;8.934021;33.64182
995;39.3787;29.41802;9.227753;33.62656
996;44.49151;31.17793;0.06866455;32.76443
997;40.12613;29.68116;8.666992;33.13828
998;41.12708;30.00389;9.017944;33.41675
999;41.95647;29.97987;8.358002;32.97043
