frameNr;sizeInBytes;eTimestamp;pTimestamp;quality;estimatedBitrate;isSender;
230;235650;1721399018901;1721399018924;0;0;false
235;312399;1721399019078;1721399019087;0;0;false
240;310127;1721399019239;1721399019249;0;0;false
245;313107;1721399019400;1721399019409;0;0;false
250;315019;1721399019581;1721399019594;0;0;false
255;313083;1721399019754;1721399019763;0;0;false
260;315403;1721399019888;1721399019896;0;0;false
265;313771;1721399020063;1721399020072;0;0;false
270;313623;1721399020240;1721399020250;0;0;false
275;314551;1721399020428;1721399020437;0;0;false
280;315631;1721399020607;1721399020617;0;0;false
285;314891;1721399020793;1721399020801;0;0;false
290;312395;1721399020938;1721399020946;0;0;false
295;312631;1721399021091;1721399021100;0;0;false
300;314939;1721399021283;1721399021294;0;0;false
305;312907;1721399021459;1721399021467;0;0;false
310;316227;1721399021618;1721399021626;0;0;false
315;315687;1721399021784;1721399021793;0;0;false
320;323235;1721399021936;1721399021943;0;0;false
325;317211;1721399022105;1721399022117;0;0;false
330;308583;1721399022267;1721399022276;0;0;false
335;315459;1721399022444;1721399022456;0;0;false
340;324627;1721399022602;1721399022611;0;0;false
345;323611;1721399022769;1721399022777;0;0;false
350;323907;1721399022940;1721399022947;0;0;false
355;321695;1721399023099;1721399023107;0;0;false
360;320951;1721399023267;1721399023276;0;0;false
365;316459;1721399023426;1721399023436;0;0;false
370;315659;1721399023603;1721399023612;0;0;false
375;316483;1721399023761;1721399023770;0;0;false
380;314659;1721399023923;1721399023929;0;0;false
385;317147;1721399024096;1721399024105;0;0;false
390;312623;1721399024262;1721399024271;0;0;false
395;310055;1721399024428;1721399024437;0;0;false
400;310211;1721399024611;1721399024621;0;0;false
405;315239;1721399024765;1721399024774;0;0;false
410;316307;1721399024936;1721399024943;0;0;false
415;317551;1721399025107;1721399025115;0;0;false
420;315315;1721399025262;1721399025269;0;0;false
425;312383;1721399025427;1721399025436;0;0;false
430;314687;1721399025609;1721399025618;0;0;false
435;315631;1721399025756;1721399025763;0;0;false
440;316187;1721399025941;1721399025949;0;0;false
445;316711;1721399026098;1721399026107;0;0;false
450;316735;1721399026268;1721399026276;0;0;false
455;314915;1721399026437;1721399026447;0;0;false
460;318195;1721399026609;1721399026619;0;0;false
465;318259;1721399026759;1721399026776;0;0;false
470;315151;1721399026930;1721399026937;0;0;false
475;314639;1721399027102;1721399027110;0;0;false
480;315863;1721399027266;1721399027275;0;0;false
485;321631;1721399027431;1721399027440;0;0;false
490;316351;1721399027603;1721399027613;0;0;false
495;314735;1721399027767;1721399027774;0;0;false
500;312127;1721399027936;1721399027947;0;0;false
505;317583;1721399028106;1721399028115;0;0;false
510;317823;1721399028276;1721399028286;0;0;false
515;315843;1721399028431;1721399028440;0;0;false
520;312751;1721399028602;1721399028614;0;0;false
525;313783;1721399028757;1721399028764;0;0;false
530;317655;1721399028931;1721399028941;0;0;false
535;319187;1721399029098;1721399029107;0;0;false
540;313227;1721399029268;1721399029277;0;0;false
545;311907;1721399029432;1721399029441;0;0;false
550;317339;1721399029611;1721399029620;0;0;false
555;315275;1721399029761;1721399029768;0;0;false
560;315979;1721399029937;1721399029947;0;0;false
565;310135;1721399030114;1721399030124;0;0;false
570;318919;1721399030270;1721399030277;0;0;false
575;315227;1721399030433;1721399030443;0;0;false
580;315567;1721399030610;1721399030617;0;0;false
585;315619;1721399030758;1721399030764;0;0;false
590;314319;1721399030937;1721399030945;0;0;false
595;316331;1721399031104;1721399031114;0;0;false
600;312879;1721399031268;1721399031278;0;0;false
605;310907;1721399031441;1721399031449;0;0;false
610;317191;1721399031595;1721399031603;0;0;false
615;318991;1721399031765;1721399031772;0;0;false
620;315355;1721399031934;1721399031941;0;0;false
625;316787;1721399032105;1721399032115;0;0;false
630;317131;1721399032266;1721399032276;0;0;false
635;320347;1721399032433;1721399032442;0;0;false
640;315623;1721399032600;1721399032607;0;0;false
645;297003;1721399032771;1721399032779;0;0;false
650;283631;1721399032940;1721399032947;0;0;false
655;280063;1721399033111;1721399033120;0;0;false
660;284439;1721399033266;1721399033274;0;0;false
665;289675;1721399033437;1721399033443;0;0;false
670;313647;1721399033595;1721399033604;0;0;false
675;317283;1721399033775;1721399033784;0;0;false
680;318563;1721399033934;1721399033943;0;0;false
685;318559;1721399034114;1721399034123;0;0;false
690;316399;1721399034267;1721399034275;0;0;false
695;315819;1721399034437;1721399034444;0;0;false
700;314407;1721399034606;1721399034614;0;0;false
705;316063;1721399034767;1721399034776;0;0;false
710;317687;1721399034945;1721399034955;0;0;false
715;314519;1721399035116;1721399035125;0;0;false
720;312587;1721399035268;1721399035277;0;0;false
725;316599;1721399035433;1721399035439;0;0;false
730;312635;1721399035592;1721399035610;0;0;false
735;308735;1721399035779;1721399035788;0;0;false
740;310067;1721399035950;1721399035959;0;0;false
745;312611;1721399036102;1721399036110;0;0;false
750;308223;1721399036272;1721399036282;0;0;false
755;311195;1721399036427;1721399036432;0;0;false
760;310391;1721399036611;1721399036618;0;0;false
765;309255;1721399036780;1721399036789;0;0;false
770;310507;1721399036932;1721399036941;0;0;false
775;311175;1721399037102;1721399037110;0;0;false
780;307723;1721399037266;1721399037275;0;0;false
785;307367;1721399037439;1721399037447;0;0;false
790;313399;1721399037609;1721399037616;0;0;false
795;308983;1721399037774;1721399037783;0;0;false
800;312811;1721399037948;1721399037958;0;0;false
805;311415;1721399038102;1721399038112;0;0;false
810;312303;1721399038273;1721399038281;0;0;false
815;310383;1721399038428;1721399038434;0;0;false
820;314055;1721399038615;1721399038625;0;0;false
825;312503;1721399038769;1721399038777;0;0;false
830;313107;1721399038941;1721399038949;0;0;false
835;309603;1721399039113;1721399039122;0;0;false
840;314243;1721399039266;1721399039274;0;0;false
845;311419;1721399039438;1721399039444;0;0;false
850;310971;1721399039622;1721399039630;0;0;false
855;310487;1721399039768;1721399039777;0;0;false
860;310723;1721399039948;1721399039959;0;0;false
865;311847;1721399040111;1721399040121;0;0;false
870;310895;1721399040274;1721399040281;0;0;false
875;309003;1721399040442;1721399040450;0;0;false
880;311143;1721399040613;1721399040622;0;0;false
885;313811;1721399040768;1721399040777;0;0;false
890;309403;1721399040938;1721399040946;0;0;false
895;311887;1721399041110;1721399041117;0;0;false
900;309139;1721399041263;1721399041270;0;0;false
905;306743;1721399041434;1721399041442;0;0;false
910;310063;1721399041619;1721399041627;0;0;false
915;310991;1721399041773;1721399041783;0;0;false
920;309427;1721399041923;1721399041931;0;0;false
925;311023;1721399042083;1721399042091;0;0;false
930;311439;1721399042252;1721399042261;0;0;false
935;313691;1721399042406;1721399042414;0;0;false
940;317735;1721399042589;1721399042599;0;0;false
945;308343;1721399042747;1721399042756;0;0;false
950;275735;1721399042919;1721399042927;0;0;false
955;286291;1721399043071;1721399043078;0;0;false
960;293431;1721399043232;1721399043239;0;0;false
965;289579;1721399043412;1721399043418;0;0;false
970;283811;1721399043576;1721399043585;0;0;false
975;289779;1721399043738;1721399043747;0;0;false
980;296811;1721399043919;1721399043928;0;0;false
985;291631;1721399044075;1721399044082;0;0;false
990;290555;1721399044246;1721399044252;0;0;false
995;291095;1721399044416;1721399044424;0;0;false
1000;288687;1721399044578;1721399044587;0;0;false
1005;291167;1721399044755;1721399044765;0;0;false
1010;291879;1721399044910;1721399044918;0;0;false
1015;288419;1721399045080;1721399045087;0;0;false
1020;289267;1721399045236;1721399045244;0;0;false
1025;294715;1721399045420;1721399045428;0;0;false
1030;292783;1721399045583;1721399045591;0;0;false
1035;291823;1721399045745;1721399045753;0;0;false
1040;291963;1721399045905;1721399045916;0;0;false
1045;291643;1721399046107;1721399046116;0;0;false
1050;293239;1721399046240;1721399046248;0;0;false
1055;290535;1721399046407;1721399046416;0;0;false
1060;292807;1721399046595;1721399046604;0;0;false
1065;290431;1721399046739;1721399046747;0;0;false
1070;291559;1721399046919;1721399046927;0;0;false
1075;287323;1721399047071;1721399047077;0;0;false
1080;287967;1721399047231;1721399047238;0;0;false
1085;290363;1721399047402;1721399047409;0;0;false
1090;286947;1721399047578;1721399047587;0;0;false
1095;288999;1721399047744;1721399047751;0;0;false
1100;290427;1721399047908;1721399047917;0;0;false
1105;289807;1721399048079;1721399048086;0;0;false
1110;291391;1721399048237;1721399048243;0;0;false
1115;289935;1721399048404;1721399048413;0;0;false
1120;291959;1721399048593;1721399048603;0;0;false
1125;291927;1721399048742;1721399048749;0;0;false
1130;292087;1721399048916;1721399048924;0;0;false
1135;291819;1721399049067;1721399049074;0;0;false
1140;290655;1721399049239;1721399049245;0;0;false
1145;289211;1721399049426;1721399049434;0;0;false
1150;290639;1721399049582;1721399049589;0;0;false
1155;292899;1721399049745;1721399049752;0;0;false
1160;289811;1721399049907;1721399049915;0;0;false
1165;291147;1721399050072;1721399050079;0;0;false
1170;289423;1721399050231;1721399050237;0;0;false
1175;290103;1721399050415;1721399050422;0;0;false
1180;291779;1721399050584;1721399050594;0;0;false
1185;288739;1721399050740;1721399050748;0;0;false
1190;289407;1721399050894;1721399050901;0;0;false
1195;284967;1721399051050;1721399051057;0;0;false
1200;286427;1721399051204;1721399051211;0;0;false
1205;289487;1721399051391;1721399051400;0;0;false
1210;286391;1721399051561;1721399051570;0;0;false
1215;288111;1721399051717;1721399051726;0;0;false
1220;287923;1721399051888;1721399051897;0;0;false
1225;290603;1721399052042;1721399052049;0;0;false
1230;290531;1721399052212;1721399052219;0;0;false
1235;289259;1721399052378;1721399052387;0;0;false
1240;289387;1721399052549;1721399052558;0;0;false
1245;291931;1721399052712;1721399052719;0;0;false
1250;290631;1721399052878;1721399052885;0;0;false
1255;292775;1721399053036;1721399053042;0;0;false
1260;289559;1721399053220;1721399053227;0;0;false
1265;288411;1721399053373;1721399053388;0;0;false
1270;291259;1721399053559;1721399053569;0;0;false
1275;291895;1721399053711;1721399053720;0;0;false
1280;286287;1721399053883;1721399053891;0;0;false
1285;289987;1721399054037;1721399054044;0;0;false
1290;291595;1721399054207;1721399054215;0;0;false
1295;291219;1721399054393;1721399054402;0;0;false
1300;288411;1721399054561;1721399054571;0;0;false
1305;289411;1721399054717;1721399054726;0;0;false
1310;290395;1721399054888;1721399054895;0;0;false
1315;290931;1721399055036;1721399055043;0;0;false
1320;290011;1721399055212;1721399055219;0;0;false
1325;289939;1721399055382;1721399055389;0;0;false
1330;288415;1721399055551;1721399055559;0;0;false
1335;293323;1721399055719;1721399055727;0;0;false
1340;291075;1721399055889;1721399055897;0;0;false
1345;292995;1721399056037;1721399056043;0;0;false
1350;284483;1721399056214;1721399056222;0;0;false
1355;290583;1721399056373;1721399056381;0;0;false
1360;292615;1721399056552;1721399056560;0;0;false
1365;291479;1721399056714;1721399056722;0;0;false
1370;292411;1721399056879;1721399056885;0;0;false
1375;292959;1721399057049;1721399057057;0;0;false
1380;290927;1721399057220;1721399057226;0;0;false
1385;290099;1721399057391;1721399057400;0;0;false
1390;290151;1721399057561;1721399057571;0;0;false
1395;291979;1721399057712;1721399057721;0;0;false
1400;292539;1721399057867;1721399057881;0;0;false
1405;292055;1721399058040;1721399058047;0;0;false
1410;290767;1721399058213;1721399058221;0;0;false
1415;290639;1721399058400;1721399058409;0;0;false
1420;290491;1721399058552;1721399058560;0;0;false
1425;291355;1721399058722;1721399058729;0;0;false
1430;293975;1721399058868;1721399058873;0;0;false
1435;286967;1721399059047;1721399059055;0;0;false
1440;290959;1721399059217;1721399059223;0;0;false
1445;292223;1721399059378;1721399059387;0;0;false
1450;290299;1721399059556;1721399059567;0;0;false
1455;292939;1721399059723;1721399059733;0;0;false
1460;289683;1721399059871;1721399059877;0;0;false
1465;290543;1721399060042;1721399060051;0;0;false
1470;291743;1721399060213;1721399060220;0;0;false
1475;289595;1721399060395;1721399060405;0;0;false
1480;290491;1721399060546;1721399060556;0;0;false
1485;289347;1721399060706;1721399060713;0;0;false
1490;287695;1721399060847;1721399060853;0;0;false
1495;290543;1721399061015;1721399061024;0;0;false
1500;290239;1721399061199;1721399061209;0;0;false
1505;287023;1721399061366;1721399061374;0;0;false
1510;288727;1721399061540;1721399061551;0;0;false
1515;288455;1721399061704;1721399061712;0;0;false
1520;290719;1721399061853;1721399061860;0;0;false
1525;289899;1721399062022;1721399062030;0;0;false
1530;288855;1721399062193;1721399062201;0;0;false
1535;289047;1721399062349;1721399062355;0;0;false
1540;288995;1721399062518;1721399062529;0;0;false
1545;290199;1721399062688;1721399062697;0;0;false
1550;290443;1721399062844;1721399062850;0;0;false
1555;288891;1721399063006;1721399063013;0;0;false
1560;287443;1721399063183;1721399063189;0;0;false
1565;287551;1721399063347;1721399063355;0;0;false
1570;290027;1721399063513;1721399063522;0;0;false
1575;290743;1721399063676;1721399063684;0;0;false
1580;291123;1721399063846;1721399063854;0;0;false
1585;290611;1721399064019;1721399064027;0;0;false
1590;290107;1721399064204;1721399064213;0;0;false
1595;290407;1721399064352;1721399064361;0;0;false
1600;289439;1721399064517;1721399064527;0;0;false
1605;289615;1721399064687;1721399064692;0;0;false
1610;291479;1721399064836;1721399064842;0;0;false
1615;288715;1721399065024;1721399065033;0;0;false
1620;290871;1721399065182;1721399065190;0;0;false
1625;288787;1721399065351;1721399065359;0;0;false
1630;288887;1721399065517;1721399065528;0;0;false
1635;293175;1721399065687;1721399065693;0;0;false
1640;292327;1721399065844;1721399065851;0;0;false
1645;286943;1721399066029;1721399066038;0;0;false
1650;290091;1721399066200;1721399066208;0;0;false
1655;287067;1721399066355;1721399066363;0;0;false
1660;290711;1721399066494;1721399066502;0;0;false
1665;291127;1721399066662;1721399066669;0;0;false
1670;290727;1721399066818;1721399066825;0;0;false
1675;289107;1721399066982;1721399066989;0;0;false
1680;291379;1721399067176;1721399067184;0;0;false
1685;288943;1721399067323;1721399067332;0;0;false
1690;289727;1721399067499;1721399067507;0;0;false
1695;287231;1721399067654;1721399067660;0;0;false
1700;288159;1721399067812;1721399067819;0;0;false
1705;291263;1721399067993;1721399068003;0;0;false
1710;291307;1721399068152;1721399068163;0;0;false
1715;288211;1721399068323;1721399068331;0;0;false
1720;289843;1721399068499;1721399068508;0;0;false
1725;288071;1721399068656;1721399068662;0;0;false
1730;289419;1721399068821;1721399068827;0;0;false
1735;288311;1721399068986;1721399068998;0;0;false
1740;288835;1721399069159;1721399069168;0;0;false
1745;289199;1721399069328;1721399069337;0;0;false
1750;288435;1721399069497;1721399069505;0;0;false
1755;289519;1721399069653;1721399069661;0;0;false
1760;288727;1721399069812;1721399069819;0;0;false
1765;288495;1721399069993;1721399070002;0;0;false
1770;288663;1721399070152;1721399070163;0;0;false
1775;289367;1721399070332;1721399070343;0;0;false
1780;288827;1721399070487;1721399070496;0;0;false
1785;290519;1721399070672;1721399070681;0;0;false
1790;290675;1721399070828;1721399070836;0;0;false
1795;289223;1721399070993;1721399071002;0;0;false
1800;281527;1721399071151;1721399071162;0;0;false
1805;291615;1721399071338;1721399071348;0;0;false
1810;294975;1721399071492;1721399071498;0;0;false
1815;294999;1721399071662;1721399071669;0;0;false
1820;292103;1721399071817;1721399071824;0;0;false
1825;290455;1721399071992;1721399072002;0;0;false
1830;286495;1721399072171;1721399072180;0;0;false
1835;282087;1721399072322;1721399072330;0;0;false
1840;281375;1721399072488;1721399072496;0;0;false
1845;283411;1721399072677;1721399072683;0;0;false
1850;283555;1721399072831;1721399072840;0;0;false
1855;283835;1721399072986;1721399072995;0;0;false
1860;279707;1721399073169;1721399073177;0;0;false
1865;280027;1721399073338;1721399073345;0;0;false
1870;277931;1721399073507;1721399073517;0;0;false
1875;281451;1721399073674;1721399073681;0;0;false
1880;279651;1721399073814;1721399073821;0;0;false
1885;278271;1721399073999;1721399074009;0;0;false
1890;278287;1721399074151;1721399074158;0;0;false
1895;281063;1721399074338;1721399074345;0;0;false
1900;282471;1721399074500;1721399074509;0;0;false
1905;281931;1721399074676;1721399074685;0;0;false
1910;282619;1721399074832;1721399074839;0;0;false
1915;282559;1721399074983;1721399074991;0;0;false
1920;281983;1721399075172;1721399075181;0;0;false
1925;282595;1721399075328;1721399075337;0;0;false
1930;281635;1721399075496;1721399075504;0;0;false
1935;283539;1721399075662;1721399075669;0;0;false
1940;281695;1721399075812;1721399075817;0;0;false
1945;283099;1721399075986;1721399075994;0;0;false
1950;284475;1721399076152;1721399076160;0;0;false
1955;285339;1721399076333;1721399076341;0;0;false
1960;286723;1721399076486;1721399076493;0;0;false
1965;294839;1721399076656;1721399076665;0;0;false
1970;295835;1721399076829;1721399076836;0;0;false
1975;293335;1721399076986;1721399076994;0;0;false
1980;294039;1721399077153;1721399077161;0;0;false
1985;293663;1721399077323;1721399077331;0;0;false
1990;291747;1721399077496;1721399077502;0;0;false
1995;292759;1721399077658;1721399077664;0;0;false
2000;291703;1721399077824;1721399077831;0;0;false
2005;295843;1721399078007;1721399078016;0;0;false
2010;293567;1721399078162;1721399078170;0;0;false
2015;292791;1721399078333;1721399078342;0;0;false
2020;289527;1721399078488;1721399078497;0;0;false
2025;292051;1721399078660;1721399078667;0;0;false
2030;292923;1721399078811;1721399078817;0;0;false
2035;295023;1721399078987;1721399078997;0;0;false
2040;296011;1721399079169;1721399079179;0;0;false
2045;291639;1721399079324;1721399079334;0;0;false
2050;294243;1721399079477;1721399079487;0;0;false
2055;293235;1721399079621;1721399079645;0;0;false
2060;295751;1721399079785;1721399079791;0;0;false
2065;291515;1721399079971;1721399079980;0;0;false
2070;289043;1721399080118;1721399080125;0;0;false
2075;292403;1721399080287;1721399080296;0;0;false
2080;293855;1721399080452;1721399080460;0;0;false
2085;292631;1721399080636;1721399080644;0;0;false
2090;293563;1721399080782;1721399080788;0;0;false
2095;293159;1721399080959;1721399080968;0;0;false
2100;291387;1721399081122;1721399081130;0;0;false
2105;293679;1721399081301;1721399081309;0;0;false
2110;290451;1721399081454;1721399081461;0;0;false
2115;291535;1721399081627;1721399081635;0;0;false
2120;293695;1721399081781;1721399081788;0;0;false
2125;292875;1721399081967;1721399081975;0;0;false
2130;292647;1721399082122;1721399082130;0;0;false
2135;293847;1721399082288;1721399082295;0;0;false
2140;295779;1721399082464;1721399082471;0;0;false
2145;292519;1721399082620;1721399082628;0;0;false
2150;292419;1721399082786;1721399082793;0;0;false
2155;294215;1721399082963;1721399082972;0;0;false
2160;295279;1721399083121;1721399083130;0;0;false
2165;292675;1721399083300;1721399083309;0;0;false
2170;286051;1721399083451;1721399083457;0;0;false
2175;284307;1721399083613;1721399083619;0;0;false
2180;286159;1721399083792;1721399083800;0;0;false
2185;264559;1721399083953;1721399083959;0;0;false
2190;227851;1721399084116;1721399084122;0;0;false
2195;197771;1721399084256;1721399084262;0;0;false
2200;182147;1721399084427;1721399084432;0;0;false
2205;177407;1721399084596;1721399084601;0;0;false
2210;173867;1721399084756;1721399084762;0;0;false
2215;169127;1721399084918;1721399084922;0;0;false
2220;171439;1721399085091;1721399085095;0;0;false
2225;168475;1721399085261;1721399085266;0;0;false
2230;167735;1721399085428;1721399085432;0;0;false
2235;168731;1721399085600;1721399085606;0;0;false
2240;171931;1721399085771;1721399085776;0;0;false
2245;175795;1721399085917;1721399085921;0;0;false
2250;178723;1721399086081;1721399086087;0;0;false
2255;180403;1721399086237;1721399086242;0;0;false
2260;172323;1721399086390;1721399086395;0;0;false
2265;165343;1721399086547;1721399086551;0;0;false
2270;159719;1721399086731;1721399086736;0;0;false
2275;163499;1721399086888;1721399086892;0;0;false
2280;159215;1721399087061;1721399087066;0;0;false
2285;172263;1721399087231;1721399087235;0;0;false
2290;167795;1721399087386;1721399087389;0;0;false
2295;190051;1721399087556;1721399087562;0;0;false
2300;190307;1721399087723;1721399087728;0;0;false
2305;199127;1721399087901;1721399087907;0;0;false
2310;227483;1721399088070;1721399088076;0;0;false
2315;267475;1721399088240;1721399088249;0;0;false
2320;270075;1721399088395;1721399088402;0;0;false
2325;276319;1721399088565;1721399088572;0;0;false
2330;277563;1721399088727;1721399088735;0;0;false
2335;275707;1721399088892;1721399088902;0;0;false
2340;276295;1721399089063;1721399089072;0;0;false
2345;279823;1721399089223;1721399089232;0;0;false
2350;278575;1721399089388;1721399089393;0;0;false
2355;277303;1721399089556;1721399089564;0;0;false
2360;274251;1721399089726;1721399089734;0;0;false
2365;277211;1721399089898;1721399089906;0;0;false
2370;280635;1721399090057;1721399090065;0;0;false
2375;278387;1721399090238;1721399090247;0;0;false
2380;279371;1721399090393;1721399090398;0;0;false
2385;278523;1721399090563;1721399090571;0;0;false
2390;278219;1721399090727;1721399090736;0;0;false
2395;279623;1721399090899;1721399090906;0;0;false
2400;280027;1721399091061;1721399091070;0;0;false
2405;263731;1721399091239;1721399091247;0;0;false
2410;230775;1721399091381;1721399091386;0;0;false
2415;204255;1721399091563;1721399091568;0;0;false
2420;179747;1721399091721;1721399091726;0;0;false
2425;198187;1721399091887;1721399091892;0;0;false
2430;224527;1721399092036;1721399092045;0;0;false
2435;251655;1721399092191;1721399092197;0;0;false
2440;265135;1721399092351;1721399092357;0;0;false
2445;266311;1721399092527;1721399092535;0;0;false
2450;271291;1721399092695;1721399092702;0;0;false
2455;276411;1721399092862;1721399092871;0;0;false
2460;273563;1721399093027;1721399093035;0;0;false
2465;282443;1721399093204;1721399093212;0;0;false
2470;271059;1721399093352;1721399093357;0;0;false
2475;279199;1721399093546;1721399093557;0;0;false
2480;276967;1721399093701;1721399093708;0;0;false
2485;280263;1721399093871;1721399093878;0;0;false
2490;277483;1721399094028;1721399094036;0;0;false
2495;274075;1721399094198;1721399094205;0;0;false
2500;270103;1721399094351;1721399094358;0;0;false
2505;273695;1721399094528;1721399094539;0;0;false
2510;274875;1721399094696;1721399094703;0;0;false
2515;273387;1721399094862;1721399094869;0;0;false
2520;281063;1721399095036;1721399095044;0;0;false
2525;278731;1721399095172;1721399095178;0;0;false
2530;276803;1721399095323;1721399095329;0;0;false
2535;281359;1721399095499;1721399095507;0;0;false
2540;273723;1721399095663;1721399095672;0;0;false
2545;270503;1721399095823;1721399095830;0;0;false
2550;274827;1721399096010;1721399096018;0;0;false
2555;274023;1721399096164;1721399096170;0;0;false
2560;275971;1721399096335;1721399096342;0;0;false
2565;277359;1721399096497;1721399096505;0;0;false
2570;277155;1721399096662;1721399096672;0;0;false
2575;267887;1721399096832;1721399096838;0;0;false
2580;279735;1721399096996;1721399097004;0;0;false
2585;279711;1721399097153;1721399097160;0;0;false
2590;281903;1721399097336;1721399097347;0;0;false
2595;277783;1721399097499;1721399097505;0;0;false
2600;278315;1721399097673;1721399097681;0;0;false
2605;277375;1721399097827;1721399097834;0;0;false
2610;272743;1721399097974;1721399097983;0;0;false
2615;277095;1721399098135;1721399098142;0;0;false
2620;277555;1721399098308;1721399098315;0;0;false
2625;279367;1721399098479;1721399098487;0;0;false
2630;278659;1721399098633;1721399098643;0;0;false
2635;269595;1721399098805;1721399098812;0;0;false
2640;254407;1721399098963;1721399098969;0;0;false
2645;254147;1721399099128;1721399099134;0;0;false
2650;261939;1721399099299;1721399099308;0;0;false
2655;276783;1721399099469;1721399099476;0;0;false
2660;297959;1721399099634;1721399099642;0;0;false
2665;304427;1721399099786;1721399099794;0;0;false
2670;295743;1721399099946;1721399099953;0;0;false
2675;288511;1721399100097;1721399100104;0;0;false
2680;279427;1721399100262;1721399100268;0;0;false
2685;280079;1721399100439;1721399100447;0;0;false
2690;279699;1721399100601;1721399100611;0;0;false
2695;277031;1721399100765;1721399100771;0;0;false
2700;272379;1721399100927;1721399100934;0;0;false
2705;267775;1721399101105;1721399101111;0;0;false
2710;266051;1721399101275;1721399101284;0;0;false
2715;258651;1721399101430;1721399101436;0;0;false
2720;244975;1721399101597;1721399101605;0;0;false
2725;248231;1721399101771;1721399101778;0;0;false
2730;258447;1721399101939;1721399101945;0;0;false
2735;250451;1721399102094;1721399102100;0;0;false
2740;256987;1721399102267;1721399102273;0;0;false
2745;260067;1721399102436;1721399102443;0;0;false
2750;271547;1721399102601;1721399102609;0;0;false
2755;269207;1721399102775;1721399102782;0;0;false
2760;265059;1721399102929;1721399102935;0;0;false
2765;264399;1721399103100;1721399103107;0;0;false
2770;265567;1721399103270;1721399103277;0;0;false
2775;262287;1721399103428;1721399103435;0;0;false
2780;265735;1721399103610;1721399103618;0;0;false
2785;261855;1721399103780;1721399103787;0;0;false
2790;264299;1721399103950;1721399103961;0;0;false
2795;264679;1721399104092;1721399104097;0;0;false
2800;271027;1721399104275;1721399104285;0;0;false
2805;266271;1721399104429;1721399104438;0;0;false
2810;268043;1721399104572;1721399104579;0;0;false
2815;265655;1721399104728;1721399104735;0;0;false
2820;256355;1721399104904;1721399104910;0;0;false
2825;257283;1721399105077;1721399105083;0;0;false
2830;256663;1721399105231;1721399105237;0;0;false
2835;256851;1721399105402;1721399105411;0;0;false
2840;257123;1721399105586;1721399105594;0;0;false
2845;257411;1721399105741;1721399105749;0;0;false
2850;262867;1721399105895;1721399105901;0;0;false
2855;255667;1721399106058;1721399106067;0;0;false
2860;258387;1721399106234;1721399106240;0;0;false
2865;261651;1721399106392;1721399106398;0;0;false
2870;256403;1721399106568;1721399106575;0;0;false
2875;259527;1721399106728;1721399106734;0;0;false
2880;258571;1721399106891;1721399106896;0;0;false
2885;268323;1721399107069;1721399107079;0;0;false
2890;264195;1721399107238;1721399107247;0;0;false
2895;264671;1721399107398;1721399107406;0;0;false
2900;270975;1721399107578;1721399107585;0;0;false
2905;269223;1721399107727;1721399107748;0;0;false
2910;266823;1721399107901;1721399107907;0;0;false
2915;270215;1721399108071;1721399108080;0;0;false
2920;270223;1721399108242;1721399108249;0;0;false
2925;271599;1721399108396;1721399108405;0;0;false
2930;265643;1721399108583;1721399108592;0;0;false
2935;265651;1721399108726;1721399108732;0;0;false
2940;263951;1721399108893;1721399108899;0;0;false
2945;260339;1721399109068;1721399109075;0;0;false
2950;264399;1721399109243;1721399109251;0;0;false
2955;257475;1721399109412;1721399109419;0;0;false
2960;265231;1721399109572;1721399109579;0;0;false
2965;261939;1721399109732;1721399109738;0;0;false
2970;268463;1721399109907;1721399109914;0;0;false
2975;263447;1721399110064;1721399110070;0;0;false
2980;272539;1721399110218;1721399110224;0;0;false
2985;197754;1721399110413;1721399110421;0;0;false
2990;195542;1721399110577;1721399110585;0;0;false
2995;199770;1721399110731;1721399110750;0;0;false
3000;203290;1721399110904;1721399110909;0;0;false
3005;194834;1721399111063;1721399111068;0;0;false
3010;200438;1721399111246;1721399111252;0;0;false
3015;196394;1721399111403;1721399111408;0;0;false
3020;201074;1721399111574;1721399111579;0;0;false
3025;200246;1721399111731;1721399111748;0;0;false
3030;198494;1721399111904;1721399111910;0;0;false
3035;260803;1721399112074;1721399112081;0;0;false
3040;266735;1721399112228;1721399112245;0;0;false
3045;266039;1721399112398;1721399112405;0;0;false
3050;260295;1721399112586;1721399112594;0;0;false
3055;260391;1721399112741;1721399112747;0;0;false
3060;268627;1721399112898;1721399112907;0;0;false
3065;262031;1721399113081;1721399113088;0;0;false
3070;264119;1721399113234;1721399113239;0;0;false
3075;260999;1721399113403;1721399113411;0;0;false
3080;268623;1721399113589;1721399113597;0;0;false
3085;259895;1721399113738;1721399113746;0;0;false
3090;259895;1721399113913;1721399113921;0;0;false
3095;253819;1721399114083;1721399114090;0;0;false
3100;247619;1721399114226;1721399114232;0;0;false
3105;270075;1721399114407;1721399114416;0;0;false
3110;283591;1721399114573;1721399114581;0;0;false
3115;271775;1721399114737;1721399114744;0;0;false
3120;273835;1721399114902;1721399114910;0;0;false
3125;276443;1721399115073;1721399115080;0;0;false
3130;273607;1721399115226;1721399115232;0;0;false
3135;274315;1721399115412;1721399115420;0;0;false
3140;270663;1721399115574;1721399115582;0;0;false
3145;275307;1721399115738;1721399115745;0;0;false
3150;275475;1721399115907;1721399115914;0;0;false
3155;269867;1721399116078;1721399116085;0;0;false
3160;275447;1721399116233;1721399116240;0;0;false
3165;271535;1721399116418;1721399116427;0;0;false
3170;278183;1721399116577;1721399116585;0;0;false
3175;275515;1721399116743;1721399116751;0;0;false
3180;269503;1721399116915;1721399116923;0;0;false
3185;275215;1721399117063;1721399117069;0;0;false
3190;279263;1721399117241;1721399117249;0;0;false
3195;280619;1721399117411;1721399117418;0;0;false
3200;274675;1721399117581;1721399117590;0;0;false
3205;279995;1721399117752;1721399117760;0;0;false
3210;280483;1721399117908;1721399117915;0;0;false
3215;274299;1721399118062;1721399118068;0;0;false
3220;281787;1721399118228;1721399118235;0;0;false
3225;283067;1721399118406;1721399118412;0;0;false
3230;286255;1721399118582;1721399118589;0;0;false
3235;281599;1721399118746;1721399118753;0;0;false
3240;283547;1721399118885;1721399118894;0;0;false
3245;278071;1721399119032;1721399119038;0;0;false
3250;277719;1721399119198;1721399119206;0;0;false
3255;284815;1721399119379;1721399119386;0;0;false
3260;279667;1721399119540;1721399119550;0;0;false
3265;283871;1721399119719;1721399119727;0;0;false
3270;280535;1721399119871;1721399119878;0;0;false
3275;279779;1721399120027;1721399120032;0;0;false
3280;281351;1721399120209;1721399120217;0;0;false
3285;286999;1721399120371;1721399120380;0;0;false
3290;284835;1721399120541;1721399120551;0;0;false
3295;282087;1721399120703;1721399120710;0;0;false
3300;280851;1721399120856;1721399120864;0;0;false
3305;268187;1721399120997;1721399121004;0;0;false
3310;272887;1721399121173;1721399121180;0;0;false
3315;279087;1721399121341;1721399121348;0;0;false
3320;278559;1721399121512;1721399121524;0;0;false
3325;272459;1721399121692;1721399121700;0;0;false
3330;269551;1721399121832;1721399121837;0;0;false
3335;274563;1721399122001;1721399122009;0;0;false
3340;268651;1721399122196;1721399122203;0;0;false
3345;261203;1721399122338;1721399122346;0;0;false
3350;263627;1721399122507;1721399122514;0;0;false
3355;238911;1721399122673;1721399122680;0;0;false
3360;243339;1721399122839;1721399122844;0;0;false
3365;246787;1721399123009;1721399123016;0;0;false
3370;254843;1721399123180;1721399123186;0;0;false
3375;254359;1721399123337;1721399123343;0;0;false
3380;253251;1721399123523;1721399123532;0;0;false
3385;254367;1721399123690;1721399123697;0;0;false
3390;251855;1721399123833;1721399123839;0;0;false
3395;250483;1721399124006;1721399124013;0;0;false
3400;251863;1721399124176;1721399124184;0;0;false
3405;253243;1721399124341;1721399124349;0;0;false
3410;249211;1721399124521;1721399124531;0;0;false
3415;245807;1721399124677;1721399124685;0;0;false
3420;244639;1721399124848;1721399124854;0;0;false
3425;243755;1721399125007;1721399125015;0;0;false
3430;245627;1721399125189;1721399125197;0;0;false
3435;244423;1721399125329;1721399125335;0;0;false
3440;244443;1721399125485;1721399125493;0;0;false
3445;245979;1721399125641;1721399125647;0;0;false
3450;246003;1721399125814;1721399125819;0;0;false
3455;245675;1721399125972;1721399125979;0;0;false
3460;245239;1721399126155;1721399126162;0;0;false
3465;244995;1721399126312;1721399126318;0;0;false
3470;246839;1721399126481;1721399126487;0;0;false
3475;252335;1721399126650;1721399126657;0;0;false
3480;251223;1721399126806;1721399126813;0;0;false
3485;249891;1721399126977;1721399126985;0;0;false
3490;248511;1721399127146;1721399127152;0;0;false
3495;250607;1721399127316;1721399127322;0;0;false
3500;246387;1721399127488;1721399127495;0;0;false
3505;245687;1721399127637;1721399127643;0;0;false
3510;248711;1721399127801;1721399127807;0;0;false
3515;248151;1721399127981;1721399127987;0;0;false
3520;247915;1721399128141;1721399128148;0;0;false
3525;248871;1721399128308;1721399128314;0;0;false
3530;249067;1721399128472;1721399128478;0;0;false
3535;246887;1721399128648;1721399128655;0;0;false
3540;249167;1721399128803;1721399128810;0;0;false
3545;251143;1721399128988;1721399128996;0;0;false
3550;246435;1721399129141;1721399129148;0;0;false
3555;246519;1721399129315;1721399129322;0;0;false
3560;247507;1721399129473;1721399129478;0;0;false
3565;246363;1721399129640;1721399129645;0;0;false
3570;227139;1721399129812;1721399129820;0;0;false
3575;271587;1721399129995;1721399130003;0;0;false
3580;289923;1721399130144;1721399130152;0;0;false
3585;287323;1721399130308;1721399130315;0;0;false
3590;281483;1721399130490;1721399130497;0;0;false
3595;280567;1721399130637;1721399130643;0;0;false
3600;288631;1721399130812;1721399130820;0;0;false
3605;288483;1721399130972;1721399130979;0;0;false
3610;283079;1721399131142;1721399131150;0;0;false
3615;287567;1721399131323;1721399131332;0;0;false
3620;282055;1721399131473;1721399131479;0;0;false
3625;286123;1721399131636;1721399131643;0;0;false
3630;283119;1721399131807;1721399131814;0;0;false
3635;281859;1721399131978;1721399131986;0;0;false
3640;289435;1721399132143;1721399132151;0;0;false
3645;284239;1721399132313;1721399132321;0;0;false
3650;286071;1721399132472;1721399132479;0;0;false
3655;281691;1721399132651;1721399132658;0;0;false
3660;288423;1721399132812;1721399132819;0;0;false
3665;284543;1721399132978;1721399132987;0;0;false
3670;282847;1721399133147;1721399133155;0;0;false
3675;289571;1721399133314;1721399133322;0;0;false
3680;282647;1721399133475;1721399133483;0;0;false
3685;286295;1721399133628;1721399133635;0;0;false
3690;291379;1721399133787;1721399133794;0;0;false
3695;286027;1721399133953;1721399133960;0;0;false
3700;288951;1721399134116;1721399134123;0;0;false
3705;280179;1721399134277;1721399134284;0;0;false
3710;290431;1721399134450;1721399134457;0;0;false
3715;290859;1721399134621;1721399134629;0;0;false
3720;288887;1721399134791;1721399134800;0;0;false
3725;284003;1721399134943;1721399134950;0;0;false
3730;285843;1721399135131;1721399135139;0;0;false
3735;288699;1721399135278;1721399135284;0;0;false
3740;290863;1721399135456;1721399135462;0;0;false
3745;283479;1721399135608;1721399135617;0;0;false
3750;282667;1721399135787;1721399135795;0;0;false
3755;281247;1721399135946;1721399135955;0;0;false
3760;287939;1721399136112;1721399136120;0;0;false
3765;286979;1721399136288;1721399136296;0;0;false
3770;275143;1721399136442;1721399136448;0;0;false
3775;274095;1721399136577;1721399136586;0;0;false
3780;272131;1721399136748;1721399136757;0;0;false
3785;264043;1721399136913;1721399136919;0;0;false
3790;257635;1721399137088;1721399137095;0;0;false
3795;262835;1721399137247;1721399137255;0;0;false
3800;264003;1721399137427;1721399137435;0;0;false
3805;273143;1721399137595;1721399137603;0;0;false
3810;268171;1721399137748;1721399137757;0;0;false
3815;273631;1721399137918;1721399137933;0;0;false
3820;273675;1721399138088;1721399138096;0;0;false
3825;271375;1721399138252;1721399138260;0;0;false
3830;276811;1721399138417;1721399138424;0;0;false
3835;264999;1721399138572;1721399138580;0;0;false
3840;266415;1721399138752;1721399138762;0;0;false
3845;265623;1721399138912;1721399138918;0;0;false
3850;278379;1721399139090;1721399139097;0;0;false
3855;284603;1721399139260;1721399139269;0;0;false
3860;275107;1721399139398;1721399139406;0;0;false
3865;259771;1721399139553;1721399139561;0;0;false
3870;313027;1721399139724;1721399139732;0;0;false
3875;318811;1721399139881;1721399139890;0;0;false
3880;311507;1721399140053;1721399140060;0;0;false
3885;313283;1721399140224;1721399140235;0;0;false
3890;305799;1721399140388;1721399140396;0;0;false
3895;306995;1721399140546;1721399140555;0;0;false
3900;305019;1721399140711;1721399140719;0;0;false
3905;297159;1721399140896;1721399140906;0;0;false
3910;300823;1721399141051;1721399141061;0;0;false
3915;307731;1721399141219;1721399141229;0;0;false
3920;312183;1721399141382;1721399141393;0;0;false
3925;316603;1721399141528;1721399141537;0;0;false
3930;315955;1721399141681;1721399141688;0;0;false
3935;313615;1721399141851;1721399141859;0;0;false
3940;318703;1721399142025;1721399142033;0;0;false
3945;316331;1721399142181;1721399142190;0;0;false
3950;322531;1721399142352;1721399142362;0;0;false
3955;317927;1721399142506;1721399142513;0;0;false
3960;320407;1721399142684;1721399142691;0;0;false
3965;318567;1721399142860;1721399142868;0;0;false
3970;316935;1721399143038;1721399143047;0;0;false
3975;316219;1721399143192;1721399143201;0;0;false
3980;317783;1721399143354;1721399143363;0;0;false
3985;319555;1721399143518;1721399143527;0;0;false
3990;317367;1721399143682;1721399143689;0;0;false
3995;319103;1721399143849;1721399143859;0;0;false
4000;317283;1721399144028;1721399144039;0;0;false
4005;320415;1721399144181;1721399144191;0;0;false
4010;315143;1721399144349;1721399144357;0;0;false
4015;317303;1721399144512;1721399144521;0;0;false
4020;319327;1721399144676;1721399144682;0;0;false
4025;320359;1721399144862;1721399144870;0;0;false
4030;319059;1721399145014;1721399145032;0;0;false
4035;317659;1721399145186;1721399145195;0;0;false
4040;317567;1721399145349;1721399145358;0;0;false
4045;316255;1721399145506;1721399145515;0;0;false
4050;315067;1721399145679;1721399145687;0;0;false
4055;318891;1721399145865;1721399145875;0;0;false
4060;316935;1721399146022;1721399146031;0;0;false
4065;318083;1721399146187;1721399146197;0;0;false
4070;318775;1721399146354;1721399146362;0;0;false
4075;318795;1721399146527;1721399146536;0;0;false
4080;320447;1721399146681;1721399146690;0;0;false
4085;318979;1721399146865;1721399146874;0;0;false
4090;314595;1721399147034;1721399147044;0;0;false
4095;321279;1721399147186;1721399147195;0;0;false
4100;319211;1721399147358;1721399147366;0;0;false
4105;315103;1721399147512;1721399147520;0;0;false
4110;315995;1721399147687;1721399147697;0;0;false
4115;317235;1721399147858;1721399147864;0;0;false
4120;315139;1721399148029;1721399148037;0;0;false
4125;319775;1721399148199;1721399148210;0;0;false
4130;318219;1721399148369;1721399148378;0;0;false
4135;318303;1721399148508;1721399148516;0;0;false
4140;318379;1721399148689;1721399148698;0;0;false
4145;319567;1721399148852;1721399148860;0;0;false
4150;317547;1721399149018;1721399149026;0;0;false
4155;318255;1721399149183;1721399149191;0;0;false
4160;317907;1721399149348;1721399149354;0;0;false
4165;312419;1721399149518;1721399149527;0;0;false
4170;314467;1721399149702;1721399149710;0;0;false
4175;318735;1721399149871;1721399149880;0;0;false
4180;318967;1721399150019;1721399150028;0;0;false
4185;317443;1721399150193;1721399150202;0;0;false
4190;320839;1721399150347;1721399150354;0;0;false
4195;321159;1721399150531;1721399150543;0;0;false
4200;315431;1721399150703;1721399150712;0;0;false
4205;319247;1721399150852;1721399150861;0;0;false
4210;317219;1721399151021;1721399151029;0;0;false
4215;318635;1721399151188;1721399151196;0;0;false
4220;320211;1721399151348;1721399151356;0;0;false
4225;320103;1721399151522;1721399151533;0;0;false
4230;320291;1721399151692;1721399151701;0;0;false
4235;319011;1721399151861;1721399151869;0;0;false
4240;321859;1721399152031;1721399152040;0;0;false
4245;318927;1721399152187;1721399152195;0;0;false
4250;315567;1721399152344;1721399152351;0;0;false
4255;317667;1721399152524;1721399152535;0;0;false
4260;317819;1721399152681;1721399152689;0;0;false
4265;315099;1721399152837;1721399152845;0;0;false
4270;302247;1721399152988;1721399152996;0;0;false
4275;259947;1721399153148;1721399153153;0;0;false
4280;273567;1721399153312;1721399153319;0;0;false
4285;273067;1721399153488;1721399153496;0;0;false
4290;275411;1721399153661;1721399153667;0;0;false
4295;272931;1721399153832;1721399153840;0;0;false
4300;272755;1721399154001;1721399154007;0;0;false
4305;272799;1721399154147;1721399154152;0;0;false
4310;273675;1721399154311;1721399154317;0;0;false
4315;274799;1721399154498;1721399154506;0;0;false
4320;275955;1721399154656;1721399154663;0;0;false
4325;273531;1721399154818;1721399154824;0;0;false
4330;272751;1721399154992;1721399154997;0;0;false
4335;275363;1721399155161;1721399155166;0;0;false
4340;273535;1721399155331;1721399155337;0;0;false
4345;273811;1721399155500;1721399155504;0;0;false
4350;274963;1721399155652;1721399155658;0;0;false
4355;272195;1721399155826;1721399155832;0;0;false
4360;274335;1721399155982;1721399155985;0;0;false
4365;276327;1721399156150;1721399156154;0;0;false
4370;273019;1721399156321;1721399156326;0;0;false
4375;275559;1721399156493;1721399156497;0;0;false
4380;275283;1721399156648;1721399156652;0;0;false
4385;273299;1721399156819;1721399156824;0;0;false
4390;276271;1721399156982;1721399156988;0;0;false
4395;275895;1721399157162;1721399157168;0;0;false
4400;274891;1721399157317;1721399157322;0;0;false
4405;271695;1721399157487;1721399157493;0;0;false
4410;274135;1721399157655;1721399157660;0;0;false
4415;275807;1721399157813;1721399157818;0;0;false
4420;275475;1721399157983;1721399157988;0;0;false
4425;279003;1721399158166;1721399158170;0;0;false
4430;274799;1721399158311;1721399158317;0;0;false
4435;274587;1721399158483;1721399158487;0;0;false
4440;275059;1721399158660;1721399158666;0;0;false
4445;273347;1721399158830;1721399158834;0;0;false
4450;274663;1721399158999;1721399159005;0;0;false
4455;275251;1721399159156;1721399159161;0;0;false
4460;273459;1721399159316;1721399159321;0;0;false
4465;264503;1721399159484;1721399159488;0;0;false
4470;260395;1721399159655;1721399159660;0;0;false
4475;263423;1721399159826;1721399159830;0;0;false
4480;259979;1721399159987;1721399159991;0;0;false
4485;258939;1721399160151;1721399160155;0;0;false
4490;257779;1721399160319;1721399160323;0;0;false
4495;247791;1721399160481;1721399160487;0;0;false
4500;248187;1721399160660;1721399160664;0;0;false
4505;255655;1721399160813;1721399160818;0;0;false
4510;266215;1721399160986;1721399160991;0;0;false
4515;286047;1721399161154;1721399161159;0;0;false
4520;289467;1721399161323;1721399161330;0;0;false
4525;289943;1721399161493;1721399161499;0;0;false
4530;287075;1721399161664;1721399161670;0;0;false
4535;287263;1721399161834;1721399161840;0;0;false
4540;285931;1721399161987;1721399161992;0;0;false
4545;287735;1721399162151;1721399162157;0;0;false
4550;288843;1721399162331;1721399162336;0;0;false
4555;292035;1721399162491;1721399162497;0;0;false
4560;290043;1721399162672;1721399162679;0;0;false
4565;287279;1721399162827;1721399162833;0;0;false
4570;289143;1721399162997;1721399163002;0;0;false
4575;290275;1721399163151;1721399163157;0;0;false
4580;289767;1721399163316;1721399163321;0;0;false
4585;288723;1721399163496;1721399163502;0;0;false
4590;286699;1721399163666;1721399163672;0;0;false
4595;288419;1721399163818;1721399163823;0;0;false
4600;291351;1721399163987;1721399163992;0;0;false
4605;287079;1721399164158;1721399164163;0;0;false
4610;287123;1721399164316;1721399164322;0;0;false
4615;288699;1721399164486;1721399164491;0;0;false
4620;289219;1721399164657;1721399164663;0;0;false
4625;283151;1721399164823;1721399164829;0;0;false
4630;275623;1721399164997;1721399165003;0;0;false
4635;271471;1721399165161;1721399165166;0;0;false
4640;270443;1721399165322;1721399165327;0;0;false
4645;271003;1721399165487;1721399165492;0;0;false
4650;271971;1721399165680;1721399165686;0;0;false
4655;268963;1721399165817;1721399165836;0;0;false
4660;273831;1721399165991;1721399165996;0;0;false
4665;269983;1721399166157;1721399166162;0;0;false
4670;272987;1721399166322;1721399166326;0;0;false
4675;224195;1721399166487;1721399166491;0;0;false
4680;241823;1721399166671;1721399166675;0;0;false
4685;236039;1721399166823;1721399166826;0;0;false
4690;226419;1721399166987;1721399166992;0;0;false
4695;228727;1721399167168;1721399167173;0;0;false
4700;239795;1721399167338;1721399167343;0;0;false
4705;276131;1721399167495;1721399167500;0;0;false
4710;301283;1721399167664;1721399167670;0;0;false
4715;314115;1721399167828;1721399167832;0;0;false
4720;315903;1721399167996;1721399168002;0;0;false
4725;317223;1721399168175;1721399168182;0;0;false
4730;321479;1721399168329;1721399168334;0;0;false
4735;316823;1721399168501;1721399168506;0;0;false
4740;320615;1721399168656;1721399168662;0;0;false
4745;320751;1721399168826;1721399168832;0;0;false
4750;319663;1721399168996;1721399169002;0;0;false
4755;318363;1721399169165;1721399169172;0;0;false
4760;316891;1721399169323;1721399169328;0;0;false
4765;316611;1721399169505;1721399169512;0;0;false
4770;319803;1721399169657;1721399169662;0;0;false
4775;318787;1721399169834;1721399169839;0;0;false
4780;321327;1721399170005;1721399170011;0;0;false
4785;318299;1721399170158;1721399170163;0;0;false
4790;321171;1721399170321;1721399170327;0;0;false
4795;320987;1721399170501;1721399170507;0;0;false
4800;321155;1721399170656;1721399170661;0;0;false
4805;317259;1721399170839;1721399170845;0;0;false
4810;317111;1721399170988;1721399170993;0;0;false
4815;322207;1721399171166;1721399171172;0;0;false
4820;320347;1721399171336;1721399171342;0;0;false
4825;322155;1721399171491;1721399171497;0;0;false
4830;317283;1721399171658;1721399171663;0;0;false
4835;321155;1721399171832;1721399171838;0;0;false
4840;320351;1721399172001;1721399172007;0;0;false
4845;319119;1721399172170;1721399172174;0;0;false
4850;322611;1721399172326;1721399172331;0;0;false
4855;316227;1721399172497;1721399172503;0;0;false
4860;323655;1721399172658;1721399172664;0;0;false
4865;319543;1721399172822;1721399172828;0;0;false
4870;322627;1721399173004;1721399173010;0;0;false
4875;318387;1721399173175;1721399173183;0;0;false
4880;314399;1721399173330;1721399173335;0;0;false
4885;312939;1721399173491;1721399173496;0;0;false
4890;307071;1721399173657;1721399173662;0;0;false
4895;298823;1721399173840;1721399173846;0;0;false
4900;301667;1721399173996;1721399174001;0;0;false
4905;306255;1721399174166;1721399174172;0;0;false
4910;314039;1721399174336;1721399174342;0;0;false
4915;329739;1721399174494;1721399174499;0;0;false
4920;330947;1721399174658;1721399174678;0;0;false
4925;338507;1721399174846;1721399174852;0;0;false
4930;339235;1721399175000;1721399175005;0;0;false
4935;335139;1721399175158;1721399175163;0;0;false
4940;319523;1721399175327;1721399175333;0;0;false
4945;315591;1721399175511;1721399175518;0;0;false
4950;313515;1721399175663;1721399175668;0;0;false
4955;312235;1721399175837;1721399175842;0;0;false
4960;329167;1721399176006;1721399176012;0;0;false
4965;331031;1721399176161;1721399176167;0;0;false
4970;325327;1721399176327;1721399176333;0;0;false
4975;321763;1721399176498;1721399176503;0;0;false
4980;342735;1721399176662;1721399176667;0;0;false
4985;351423;1721399176828;1721399176833;0;0;false
4990;341803;1721399176993;1721399176999;0;0;false
4995;353291;1721399177178;1721399177185;0;0;false
5000;346395;1721399177331;1721399177338;0;0;false
5005;340035;1721399177491;1721399177498;0;0;false
5010;333867;1721399177671;1721399177676;0;0;false
5015;339087;1721399177842;1721399177849;0;0;false
5020;343975;1721399178012;1721399178018;0;0;false
5025;333171;1721399178162;1721399178169;0;0;false
5030;332695;1721399178336;1721399178341;0;0;false
5035;332867;1721399178505;1721399178514;0;0;false
5040;341767;1721399178676;1721399178682;0;0;false
5045;337091;1721399178828;1721399178834;0;0;false
5050;332535;1721399178994;1721399178999;0;0;false
5055;321351;1721399179168;1721399179173;0;0;false
5060;337395;1721399179339;1721399179345;0;0;false
5065;330059;1721399179510;1721399179519;0;0;false
5070;336127;1721399179679;1721399179685;0;0;false
5075;337079;1721399179834;1721399179840;0;0;false
5080;348379;1721399180004;1721399180010;0;0;false
5085;342627;1721399180173;1721399180179;0;0;false
5090;344907;1721399180344;1721399180350;0;0;false
5095;345747;1721399180512;1721399180520;0;0;false
5100;340379;1721399180666;1721399180672;0;0;false
5105;333879;1721399180838;1721399180844;0;0;false
5110;332179;1721399181007;1721399181013;0;0;false
5115;352163;1721399181163;1721399181168;0;0;false
5120;351007;1721399181331;1721399181337;0;0;false
5125;348803;1721399181498;1721399181503;0;0;false
5130;348115;1721399181667;1721399181673;0;0;false
5135;343643;1721399181845;1721399181852;0;0;false
5140;341983;1721399182015;1721399182023;0;0;false
5145;349267;1721399182172;1721399182178;0;0;false
5150;353711;1721399182342;1721399182348;0;0;false
5155;366703;1721399182513;1721399182522;0;0;false
5160;350791;1721399182682;1721399182687;0;0;false
5165;347067;1721399182851;1721399182857;0;0;false
5170;352027;1721399183006;1721399183012;0;0;false
5175;355255;1721399183177;1721399183183;0;0;false
5180;353167;1721399183348;1721399183355;0;0;false
5185;354751;1721399183504;1721399183510;0;0;false
5190;356887;1721399183672;1721399183679;0;0;false
5195;348591;1721399183846;1721399183853;0;0;false
5200;336763;1721399184016;1721399184024;0;0;false
5205;333959;1721399184171;1721399184177;0;0;false
5210;345035;1721399184342;1721399184348;0;0;false
5215;341067;1721399184512;1721399184521;0;0;false
5220;335947;1721399184666;1721399184684;0;0;false
5225;334271;1721399184831;1721399184837;0;0;false
5230;330471;1721399185007;1721399185012;0;0;false
5235;322491;1721399185180;1721399185186;0;0;false
5240;326779;1721399185335;1721399185341;0;0;false
5245;319723;1721399185505;1721399185513;0;0;false
5250;303751;1721399185677;1721399185682;0;0;false
5255;302395;1721399185831;1721399185847;0;0;false
5260;309575;1721399185997;1721399186002;0;0;false
5265;309019;1721399186171;1721399186176;0;0;false
5270;309363;1721399186333;1721399186338;0;0;false
5275;307967;1721399186498;1721399186502;0;0;false
5280;307715;1721399186665;1721399186670;0;0;false
5285;301775;1721399186836;1721399186842;0;0;false
5290;298247;1721399187007;1721399187013;0;0;false
5295;297451;1721399187177;1721399187183;0;0;false
5300;288283;1721399187347;1721399187352;0;0;false
5305;285563;1721399187497;1721399187501;0;0;false
5310;282455;1721399187663;1721399187669;0;0;false
5315;282363;1721399187839;1721399187844;0;0;false
5320;276919;1721399188010;1721399188016;0;0;false
5325;276611;1721399188166;1721399188171;0;0;false
5330;273895;1721399188336;1721399188340;0;0;false
5335;273107;1721399188497;1721399188502;0;0;false
5340;274995;1721399188676;1721399188680;0;0;false
5345;270687;1721399188833;1721399188837;0;0;false
5350;273087;1721399188997;1721399189001;0;0;false
5355;270411;1721399189163;1721399189168;0;0;false
5360;271635;1721399189341;1721399189346;0;0;false
5365;272939;1721399189512;1721399189519;0;0;false
5370;271627;1721399189663;1721399189668;0;0;false
5375;276415;1721399189838;1721399189842;0;0;false
5380;277147;1721399189997;1721399190002;0;0;false
5385;277443;1721399190164;1721399190169;0;0;false
5390;279671;1721399190328;1721399190332;0;0;false
5395;284955;1721399190507;1721399190513;0;0;false
5400;284839;1721399190676;1721399190680;0;0;false
5405;286391;1721399190829;1721399190833;0;0;false
5410;283979;1721399191001;1721399191005;0;0;false
5415;289179;1721399191171;1721399191175;0;0;false
5420;290135;1721399191331;1721399191336;0;0;false
5425;294835;1721399191497;1721399191502;0;0;false
5430;297095;1721399191667;1721399191673;0;0;false
5435;305499;1721399191848;1721399191853;0;0;false
5440;304491;1721399192004;1721399192009;0;0;false
5445;305003;1721399192167;1721399192172;0;0;false
5450;302547;1721399192344;1721399192350;0;0;false
5455;304291;1721399192498;1721399192504;0;0;false
5460;308811;1721399192669;1721399192676;0;0;false
5465;303771;1721399192833;1721399192838;0;0;false
5470;305007;1721399193012;1721399193018;0;0;false
5475;304815;1721399193166;1721399193171;0;0;false
5480;304767;1721399193351;1721399193357;0;0;false
5485;305531;1721399193505;1721399193512;0;0;false
5490;307395;1721399193668;1721399193673;0;0;false
5495;309519;1721399193847;1721399193852;0;0;false
5500;310143;1721399194002;1721399194007;0;0;false
5505;326391;1721399194169;1721399194174;0;0;false
5510;326607;1721399194336;1721399194342;0;0;false
5515;318427;1721399194510;1721399194517;0;0;false
5520;305955;1721399194680;1721399194686;0;0;false
5525;298175;1721399194849;1721399194855;0;0;false
5530;298439;1721399195017;1721399195022;0;0;false
5535;307067;1721399195171;1721399195176;0;0;false
5540;308251;1721399195339;1721399195343;0;0;false
5545;306259;1721399195502;1721399195506;0;0;false
5550;306479;1721399195671;1721399195676;0;0;false
5555;308667;1721399195845;1721399195851;0;0;false
5560;310519;1721399196016;1721399196021;0;0;false
5565;310407;1721399196171;1721399196176;0;0;false
5570;306251;1721399196333;1721399196339;0;0;false
5575;305283;1721399196511;1721399196517;0;0;false
5580;305923;1721399196667;1721399196672;0;0;false
5585;309271;1721399196837;1721399196842;0;0;false
5590;301907;1721399197009;1721399197014;0;0;false
5595;306175;1721399197168;1721399197174;0;0;false
5600;307267;1721399197337;1721399197342;0;0;false
5605;307883;1721399197519;1721399197528;0;0;false
5610;306099;1721399197671;1721399197677;0;0;false
5615;307483;1721399197837;1721399197842;0;0;false
5620;301415;1721399198013;1721399198018;0;0;false
5625;307875;1721399198167;1721399198172;0;0;false
5630;307279;1721399198341;1721399198347;0;0;false
5635;332487;1721399198512;1721399198518;0;0;false
5640;338319;1721399198682;1721399198688;0;0;false
5645;335651;1721399198837;1721399198842;0;0;false
5650;338407;1721399199010;1721399199015;0;0;false
5655;338911;1721399199173;1721399199178;0;0;false
5660;338159;1721399199348;1721399199354;0;0;false
5665;335903;1721399199506;1721399199512;0;0;false
5670;335599;1721399199672;1721399199677;0;0;false
5675;334551;1721399199838;1721399199843;0;0;false
5680;320763;1721399200010;1721399200016;0;0;false
5685;328227;1721399200181;1721399200187;0;0;false
5690;328755;1721399200337;1721399200343;0;0;false
5695;328679;1721399200503;1721399200509;0;0;false
5700;323699;1721399200675;1721399200681;0;0;false
5705;327411;1721399200846;1721399200852;0;0;false
5710;330587;1721399201015;1721399201020;0;0;false
5715;326491;1721399201186;1721399201192;0;0;false
5720;328099;1721399201341;1721399201347;0;0;false
5725;327443;1721399201506;1721399201512;0;0;false
5730;328051;1721399201672;1721399201677;0;0;false
5735;324763;1721399201837;1721399201843;0;0;false
5740;327951;1721399202009;1721399202015;0;0;false
5745;325535;1721399202180;1721399202186;0;0;false
5750;314235;1721399202340;1721399202345;0;0;false
5755;323727;1721399202520;1721399202527;0;0;false
5760;323599;1721399202691;1721399202697;0;0;false
5765;318243;1721399202842;1721399202847;0;0;false
5770;323551;1721399203007;1721399203012;0;0;false
5775;328019;1721399203173;1721399203178;0;0;false
5780;319731;1721399203342;1721399203348;0;0;false
5785;329915;1721399203508;1721399203513;0;0;false
5790;327627;1721399203679;1721399203686;0;0;false
5795;325887;1721399203846;1721399203852;0;0;false
5800;324255;1721399204017;1721399204023;0;0;false
5805;323975;1721399204186;1721399204192;0;0;false
5810;328067;1721399204356;1721399204362;0;0;false
5815;326823;1721399204507;1721399204525;0;0;false
5820;326731;1721399204680;1721399204686;0;0;false
5825;321483;1721399204848;1721399204854;0;0;false
5830;325139;1721399205016;1721399205022;0;0;false
5835;327547;1721399205188;1721399205193;0;0;false
5840;323819;1721399205357;1721399205364;0;0;false
5845;326419;1721399205512;1721399205519;0;0;false
5850;319931;1721399205672;1721399205677;0;0;false
5855;316583;1721399205850;1721399205855;0;0;false
5860;313967;1721399206019;1721399206023;0;0;false
5865;310975;1721399206191;1721399206196;0;0;false
5870;311319;1721399206348;1721399206353;0;0;false
5875;315639;1721399206529;1721399206537;0;0;false
5880;316535;1721399206672;1721399206679;0;0;false
5885;313439;1721399206853;1721399206860;0;0;false
5890;315411;1721399207022;1721399207027;0;0;false
5895;314603;1721399207177;1721399207182;0;0;false
5900;310095;1721399207353;1721399207357;0;0;false
5905;318031;1721399207513;1721399207522;0;0;false
5910;316371;1721399207677;1721399207684;0;0;false
5915;317911;1721399207853;1721399207859;0;0;false
5920;317239;1721399208007;1721399208012;0;0;false
5925;315471;1721399208190;1721399208195;0;0;false
5930;318819;1721399208358;1721399208365;0;0;false
5935;314983;1721399208528;1721399208536;0;0;false
5940;315119;1721399208697;1721399208705;0;0;false
5945;315147;1721399208851;1721399208857;0;0;false
5950;316271;1721399209020;1721399209026;0;0;false
5955;317355;1721399209190;1721399209195;0;0;false
5960;315403;1721399209359;1721399209365;0;0;false
5965;315411;1721399209517;1721399209524;0;0;false
5970;304211;1721399209683;1721399209689;0;0;false
5975;316331;1721399209864;1721399209873;0;0;false
5980;306035;1721399210013;1721399210018;0;0;false
5985;309663;1721399210186;1721399210192;0;0;false
5990;278267;1721399210355;1721399210359;0;0;false
5995;295563;1721399210525;1721399210531;0;0;false
6000;300403;1721399210686;1721399210691;0;0;false
6005;300451;1721399210847;1721399210852;0;0;false
6010;308571;1721399211017;1721399211024;0;0;false
6015;306455;1721399211189;1721399211194;0;0;false
6020;304139;1721399211342;1721399211347;0;0;false
6025;307127;1721399211514;1721399211521;0;0;false
6030;304483;1721399211676;1721399211698;0;0;false
6035;302715;1721399211850;1721399211867;0;0;false
6040;309003;1721399212007;1721399212012;0;0;false
6045;308107;1721399212178;1721399212183;0;0;false
6050;305047;1721399212341;1721399212346;0;0;false
6055;307287;1721399212507;1721399212512;0;0;false
6060;308639;1721399212687;1721399212693;0;0;false
6065;308875;1721399212843;1721399212848;0;0;false
6070;306527;1721399213011;1721399213017;0;0;false
6075;308023;1721399213177;1721399213182;0;0;false
6080;306127;1721399213356;1721399213361;0;0;false
6085;307759;1721399213513;1721399213519;0;0;false
6090;307879;1721399213685;1721399213690;0;0;false
6095;305375;1721399213857;1721399213863;0;0;false
6100;308751;1721399214008;1721399214014;0;0;false
6105;306283;1721399214178;1721399214183;0;0;false
6110;309447;1721399214350;1721399214357;0;0;false
6115;310763;1721399214522;1721399214530;0;0;false
6120;311027;1721399214693;1721399214699;0;0;false
6125;310715;1721399214849;1721399214853;0;0;false
6130;309427;1721399215013;1721399215018;0;0;false
6135;308535;1721399215189;1721399215195;0;0;false
6140;304311;1721399215359;1721399215366;0;0;false
6145;306235;1721399215515;1721399215521;0;0;false
6150;310435;1721399215683;1721399215689;0;0;false
6155;311079;1721399215843;1721399215849;0;0;false
6160;305947;1721399216016;1721399216022;0;0;false
6165;305971;1721399216176;1721399216180;0;0;false
6170;308675;1721399216356;1721399216362;0;0;false
6175;311399;1721399216512;1721399216519;0;0;false
6180;310523;1721399216686;1721399216691;0;0;false
6185;309583;1721399216854;1721399216860;0;0;false
6190;307987;1721399217025;1721399217031;0;0;false
6195;310051;1721399217196;1721399217202;0;0;false
6200;308371;1721399217346;1721399217352;0;0;false
6205;310999;1721399217521;1721399217530;0;0;false
6210;308623;1721399217693;1721399217699;0;0;false
6215;309191;1721399217847;1721399217852;0;0;false
6220;304203;1721399218018;1721399218023;0;0;false
6225;309179;1721399218190;1721399218195;0;0;false
6230;308947;1721399218347;1721399218352;0;0;false
6235;305631;1721399218512;1721399218517;0;0;false
6240;306675;1721399218683;1721399218689;0;0;false
6245;307303;1721399218847;1721399218852;0;0;false
6250;305343;1721399219023;1721399219029;0;0;false
6255;305083;1721399219193;1721399219199;0;0;false
6260;306607;1721399219347;1721399219352;0;0;false
6265;307699;1721399219519;1721399219524;0;0;false
6270;311611;1721399219682;1721399219687;0;0;false
6275;301059;1721399219861;1721399219867;0;0;false
6280;305947;1721399220016;1721399220022;0;0;false
6285;295911;1721399220181;1721399220186;0;0;false
6290;235819;1721399220357;1721399220361;0;0;false
6295;284915;1721399220518;1721399220522;0;0;false
6300;277539;1721399220696;1721399220702;0;0;false
6305;285539;1721399220848;1721399220853;0;0;false
6310;287815;1721399221016;1721399221021;0;0;false
6315;301839;1721399221182;1721399221187;0;0;false
6320;307935;1721399221360;1721399221364;0;0;false
6325;305707;1721399221516;1721399221522;0;0;false
6330;312351;1721399221683;1721399221689;0;0;false
6335;314339;1721399221856;1721399221862;0;0;false
6340;314411;1721399222043;1721399222050;0;0;false
6345;289643;1721399222198;1721399222206;0;0;false
6350;318115;1721399222368;1721399222376;0;0;false
6355;317087;1721399222516;1721399222522;0;0;false
6360;290459;1721399222695;1721399222700;0;0;false
6365;309587;1721399222848;1721399222853;0;0;false
6370;311215;1721399223019;1721399223024;0;0;false
6375;312151;1721399223181;1721399223187;0;0;false
6380;304191;1721399223358;1721399223364;0;0;false
6385;291587;1721399223527;1721399223535;0;0;false
6390;275599;1721399223697;1721399223702;0;0;false
6395;280699;1721399223852;1721399223857;0;0;false
6400;299075;1721399224018;1721399224023;0;0;false
6405;297447;1721399224181;1721399224186;0;0;false
6410;298275;1721399224347;1721399224352;0;0;false
6415;297995;1721399224520;1721399224525;0;0;false
6420;300431;1721399224690;1721399224695;0;0;false
6425;294603;1721399224861;1721399224867;0;0;false
6430;299107;1721399225032;1721399225037;0;0;false
6435;299155;1721399225186;1721399225191;0;0;false
6440;299663;1721399225357;1721399225362;0;0;false
6445;300055;1721399225516;1721399225522;0;0;false
6450;298667;1721399225682;1721399225689;0;0;false
6455;301083;1721399225852;1721399225856;0;0;false
6460;298695;1721399226026;1721399226031;0;0;false
6465;297779;1721399226191;1721399226196;0;0;false
6470;316771;1721399226357;1721399226363;0;0;false
6475;319087;1721399226517;1721399226522;0;0;false
6480;298907;1721399226682;1721399226687;0;0;false
6485;302151;1721399226854;1721399226859;0;0;false
6490;316651;1721399227023;1721399227029;0;0;false
6495;317435;1721399227196;1721399227202;0;0;false
6500;317959;1721399227367;1721399227377;0;0;false
6505;318275;1721399227551;1721399227559;0;0;false
6510;314431;1721399227708;1721399227715;0;0;false
6515;320683;1721399227862;1721399227868;0;0;false
6520;320411;1721399228023;1721399228029;0;0;false
6525;302607;1721399228188;1721399228194;0;0;false
6530;302851;1721399228352;1721399228357;0;0;false
6535;320679;1721399228519;1721399228526;0;0;false
6540;312947;1721399228687;1721399228693;0;0;false
6545;299743;1721399228865;1721399228872;0;0;false
6550;301891;1721399229016;1721399229022;0;0;false
6555;314559;1721399229187;1721399229192;0;0;false
6560;304995;1721399229352;1721399229358;0;0;false
6565;318751;1721399229541;1721399229550;0;0;false
6570;300011;1721399229693;1721399229698;0;0;false
6575;318251;1721399229864;1721399229871;0;0;false
6580;299523;1721399230022;1721399230028;0;0;false
6585;309223;1721399230187;1721399230193;0;0;false
6590;300807;1721399230352;1721399230357;0;0;false
6595;316351;1721399230528;1721399230536;0;0;false
6600;300331;1721399230698;1721399230704;0;0;false
6605;318443;1721399230867;1721399230873;0;0;false
6610;316531;1721399231038;1721399231048;0;0;false
6615;300355;1721399231187;1721399231193;0;0;false
6620;320707;1721399231363;1721399231369;0;0;false
6625;312791;1721399231532;1721399231541;0;0;false
6630;318155;1721399231688;1721399231693;0;0;false
6635;298603;1721399231870;1721399231876;0;0;false
6640;317471;1721399232024;1721399232028;0;0;false
6645;319187;1721399232187;1721399232192;0;0;false
6650;318347;1721399232353;1721399232358;0;0;false
6655;310615;1721399232522;1721399232529;0;0;false
6660;319143;1721399232686;1721399232691;0;0;false
6665;301347;1721399232861;1721399232867;0;0;false
6670;318975;1721399233032;1721399233037;0;0;false
6675;299091;1721399233188;1721399233193;0;0;false
6680;300991;1721399233355;1721399233361;0;0;false
6685;316811;1721399233522;1721399233530;0;0;false
6690;316983;1721399233695;1721399233701;0;0;false
6695;316947;1721399233858;1721399233864;0;0;false
6700;302203;1721399234023;1721399234028;0;0;false
6705;320363;1721399234205;1721399234212;0;0;false
6710;318683;1721399234359;1721399234365;0;0;false
6715;297215;1721399234529;1721399234537;0;0;false
6720;301291;1721399234699;1721399234705;0;0;false
6725;302179;1721399234869;1721399234877;0;0;false
6730;302635;1721399235023;1721399235029;0;0;false
6735;318027;1721399235188;1721399235194;0;0;false
6740;319695;1721399235361;1721399235367;0;0;false
6745;309719;1721399235530;1721399235536;0;0;false
6750;298479;1721399235699;1721399235705;0;0;false
6755;316983;1721399235864;1721399235872;0;0;false
6760;317439;1721399236031;1721399236039;0;0;false
6765;318187;1721399236229;1721399236239;0;0;false
6770;318659;1721399236459;1721399236466;0;0;false
6775;319459;1721399236727;1721399236737;0;0;false
6780;320535;1721399236923;1721399236932;0;0;false
6785;300103;1721399237137;1721399237145;0;0;false
6790;313683;1721399237335;1721399237346;0;0;false
6795;309255;1721399237502;1721399237509;0;0;false
6800;320943;1721399237674;1721399237682;0;0;false
6805;316011;1721399237828;1721399237834;0;0;false
6810;299139;1721399237991;1721399237996;0;0;false
6815;318851;1721399238170;1721399238176;0;0;false
6820;311671;1721399238317;1721399238323;0;0;false
6825;318767;1721399238486;1721399238492;0;0;false
6830;304183;1721399238660;1721399238665;0;0;false
6835;316635;1721399238821;1721399238827;0;0;false
6840;300559;1721399238987;1721399238992;0;0;false
6845;318751;1721399239153;1721399239159;0;0;false
6850;319395;1721399239329;1721399239334;0;0;false
6855;317207;1721399239487;1721399239492;0;0;false
6860;319079;1721399239653;1721399239657;0;0;false
6865;316831;1721399239823;1721399239829;0;0;false
6870;320503;1721399239996;1721399240002;0;0;false
6875;320055;1721399240153;1721399240158;0;0;false
6880;317411;1721399240321;1721399240326;0;0;false
6885;321467;1721399240489;1721399240494;0;0;false
6890;254395;1721399240662;1721399240666;0;0;false
6895;269387;1721399240833;1721399240838;0;0;false
6900;259487;1721399240987;1721399240993;0;0;false
6905;255447;1721399241158;1721399241163;0;0;false
6910;271859;1721399241322;1721399241326;0;0;false
6915;266291;1721399241499;1721399241503;0;0;false
6920;263023;1721399241670;1721399241675;0;0;false
6925;254911;1721399241826;1721399241832;0;0;false
6930;263535;1721399242011;1721399242019;0;0;false
6935;266939;1721399242178;1721399242185;0;0;false
6940;266991;1721399242334;1721399242339;0;0;false
6945;278811;1721399242502;1721399242507;0;0;false
6950;299999;1721399242672;1721399242676;0;0;false
6955;303031;1721399242827;1721399242832;0;0;false
6960;304243;1721399242992;1721399242997;0;0;false
6965;310119;1721399243162;1721399243167;0;0;false
6970;296911;1721399243328;1721399243333;0;0;false
6975;311407;1721399243498;1721399243504;0;0;false
6980;306407;1721399243661;1721399243666;0;0;false
6985;308363;1721399243836;1721399243842;0;0;false
6990;307023;1721399243993;1721399243999;0;0;false
6995;313279;1721399244175;1721399244181;0;0;false
7000;295691;1721399244346;1721399244353;0;0;false
7005;305767;1721399244493;1721399244499;0;0;false
7010;301267;1721399244662;1721399244668;0;0;false
7015;299755;1721399244827;1721399244832;0;0;false
7020;297715;1721399245000;1721399245004;0;0;false
7025;297543;1721399245170;1721399245175;0;0;false
7030;285739;1721399245341;1721399245347;0;0;false
7035;291207;1721399245492;1721399245497;0;0;false
7040;290619;1721399245666;1721399245672;0;0;false
7045;286559;1721399245822;1721399245836;0;0;false
7050;271699;1721399245992;1721399245997;0;0;false
7055;266431;1721399246162;1721399246168;0;0;false
7060;256815;1721399246331;1721399246335;0;0;false
7065;263615;1721399246501;1721399246506;0;0;false
7070;267379;1721399246656;1721399246672;0;0;false
7075;269999;1721399246827;1721399246831;0;0;false
7080;267535;1721399246993;1721399246997;0;0;false
7085;268251;1721399247169;1721399247173;0;0;false
7090;268979;1721399247322;1721399247327;0;0;false
7095;273707;1721399247492;1721399247496;0;0;false
7100;276043;1721399247661;1721399247667;0;0;false
7105;275727;1721399247826;1721399247831;0;0;false
7110;270587;1721399248004;1721399248009;0;0;false
7115;275231;1721399248157;1721399248163;0;0;false
7120;272911;1721399248329;1721399248334;0;0;false
7125;269991;1721399248492;1721399248497;0;0;false
7130;270459;1721399248662;1721399248666;0;0;false
7135;271543;1721399248826;1721399248831;0;0;false
7140;269319;1721399248992;1721399248997;0;0;false
7145;270563;1721399249176;1721399249182;0;0;false
7150;269555;1721399249331;1721399249336;0;0;false
7155;271051;1721399249502;1721399249507;0;0;false
7160;271519;1721399249672;1721399249676;0;0;false
7165;258791;1721399249840;1721399249845;0;0;false
7170;258511;1721399249993;1721399249997;0;0;false
7175;270867;1721399250161;1721399250166;0;0;false
7180;269319;1721399250327;1721399250331;0;0;false
7185;271823;1721399250506;1721399250512;0;0;false
7190;282491;1721399250661;1721399250676;0;0;false
7195;272359;1721399250831;1721399250836;0;0;false
7200;286199;1721399251001;1721399251005;0;0;false
7205;271435;1721399251161;1721399251165;0;0;false
7210;270807;1721399251327;1721399251332;0;0;false
7215;270087;1721399251510;1721399251515;0;0;false
7220;272155;1721399251666;1721399251671;0;0;false
7225;266511;1721399251828;1721399251832;0;0;false
7230;254471;1721399251992;1721399251996;0;0;false
7235;235751;1721399252175;1721399252178;0;0;false
7240;256047;1721399252327;1721399252332;0;0;false
7245;300363;1721399252496;1721399252500;0;0;false
7250;279031;1721399252666;1721399252670;0;0;false
7255;295235;1721399252826;1721399252832;0;0;false
7260;286451;1721399253001;1721399253007;0;0;false
7265;295719;1721399253162;1721399253166;0;0;false
7270;291999;1721399253327;1721399253333;0;0;false
7275;289351;1721399253515;1721399253521;0;0;false
7280;288835;1721399253666;1721399253671;0;0;false
7285;292287;1721399253838;1721399253844;0;0;false
7290;298795;1721399253997;1721399254002;0;0;false
7295;297823;1721399254179;1721399254184;0;0;false
7300;297655;1721399254346;1721399254352;0;0;false
7305;284283;1721399254496;1721399254500;0;0;false
7310;294831;1721399254671;1721399254676;0;0;false
7315;283507;1721399254839;1721399254844;0;0;false
7320;283123;1721399254997;1721399255000;0;0;false
7325;290699;1721399255179;1721399255184;0;0;false
7330;301035;1721399255332;1721399255338;0;0;false
7335;304119;1721399255502;1721399255507;0;0;false
7340;293275;1721399255673;1721399255679;0;0;false
7345;286887;1721399255828;1721399255832;0;0;false
7350;301359;1721399255997;1721399256002;0;0;false
7355;287767;1721399256171;1721399256175;0;0;false
7360;299331;1721399256340;1721399256346;0;0;false
7365;287267;1721399256510;1721399256516;0;0;false
7370;293059;1721399256661;1721399256667;0;0;false
7375;297699;1721399256828;1721399256832;0;0;false
7380;299671;1721399256998;1721399257002;0;0;false
7385;286775;1721399257175;1721399257180;0;0;false
7390;297299;1721399257328;1721399257335;0;0;false
7395;290991;1721399257497;1721399257502;0;0;false
7400;273383;1721399257669;1721399257675;0;0;false
7405;301571;1721399257832;1721399257837;0;0;false
7410;300555;1721399258001;1721399258006;0;0;false
7415;289131;1721399258163;1721399258168;0;0;false
7420;288115;1721399258331;1721399258336;0;0;false
7425;289319;1721399258497;1721399258502;0;0;false
7430;290259;1721399258672;1721399258677;0;0;false
7435;299423;1721399258832;1721399258837;0;0;false
7440;286475;1721399259013;1721399259019;0;0;false
7445;268843;1721399259169;1721399259174;0;0;false
7450;217107;1721399259340;1721399259344;0;0;false
7455;255051;1721399259511;1721399259515;0;0;false
7460;265351;1721399259679;1721399259685;0;0;false
7465;263127;1721399259836;1721399259840;0;0;false
7470;263287;1721399260005;1721399260008;0;0;false
7475;250495;1721399260175;1721399260179;0;0;false
7480;246215;1721399260327;1721399260332;0;0;false
7485;258255;1721399260501;1721399260504;0;0;false
7490;269315;1721399260673;1721399260677;0;0;false
7495;254375;1721399260833;1721399260837;0;0;false
7500;277687;1721399260999;1721399261004;0;0;false
7505;270623;1721399261168;1721399261173;0;0;false
7510;271939;1721399261341;1721399261345;0;0;false
7515;276319;1721399261511;1721399261516;0;0;false
7520;279087;1721399261683;1721399261690;0;0;false
7525;266971;1721399261836;1721399261840;0;0;false
7530;267059;1721399262006;1721399262011;0;0;false
7535;263259;1721399262178;1721399262182;0;0;false
7540;264711;1721399262349;1721399262354;0;0;false
7545;261131;1721399262503;1721399262507;0;0;false
7550;272707;1721399262673;1721399262678;0;0;false
7555;270855;1721399262844;1721399262848;0;0;false
7560;274579;1721399263016;1721399263020;0;0;false
7565;269019;1721399263171;1721399263175;0;0;false
7570;263663;1721399263342;1721399263346;0;0;false
7575;264503;1721399263511;1721399263515;0;0;false
7580;269639;1721399263668;1721399263673;0;0;false
7585;268003;1721399263839;1721399263844;0;0;false
7590;263963;1721399264001;1721399264005;0;0;false
7595;266475;1721399264167;1721399264172;0;0;false
7600;265755;1721399264337;1721399264342;0;0;false
7605;265163;1721399264501;1721399264504;0;0;false
7610;271767;1721399264681;1721399264686;0;0;false
7615;261339;1721399264837;1721399264842;0;0;false
7620;263791;1721399265009;1721399265013;0;0;false
7625;265835;1721399265168;1721399265173;0;0;false
7630;269379;1721399265333;1721399265337;0;0;false
7635;262747;1721399265504;1721399265509;0;0;false
7640;266499;1721399265675;1721399265680;0;0;false
7645;264779;1721399265846;1721399265851;0;0;false
7650;267151;1721399266017;1721399266022;0;0;false
7655;270283;1721399266186;1721399266191;0;0;false
7660;268787;1721399266342;1721399266347;0;0;false
7665;277399;1721399266501;1721399266506;0;0;false
7670;266499;1721399266667;1721399266672;0;0;false
7675;266311;1721399266832;1721399266837;0;0;false
7680;265679;1721399267006;1721399267011;0;0;false
7685;267395;1721399267177;1721399267183;0;0;false
7690;261651;1721399267348;1721399267352;0;0;false
7695;252655;1721399267517;1721399267521;0;0;false
7700;265303;1721399267671;1721399267676;0;0;false
7705;264603;1721399267841;1721399267846;0;0;false
7710;268663;1721399268010;1721399268016;0;0;false
7715;282199;1721399268180;1721399268185;0;0;false
7720;267087;1721399268332;1721399268337;0;0;false
7725;279219;1721399268506;1721399268511;0;0;false
7730;269547;1721399268675;1721399268679;0;0;false
7735;267475;1721399268844;1721399268848;0;0;false
7740;274215;1721399269013;1721399269016;0;0;false
7745;271519;1721399269182;1721399269186;0;0;false
7750;271451;1721399269351;1721399269357;0;0;false
7755;270495;1721399269503;1721399269505;0;0;false
7760;266275;1721399269678;1721399269682;0;0;false
7765;269795;1721399269848;1721399269853;0;0;false
7770;271963;1721399270018;1721399270023;0;0;false
7775;269999;1721399270168;1721399270172;0;0;false
7780;270035;1721399270337;1721399270341;0;0;false
7785;269895;1721399270514;1721399270518;0;0;false
7790;267483;1721399270685;1721399270690;0;0;false
7795;271639;1721399270837;1721399270842;0;0;false
7800;267583;1721399271024;1721399271030;0;0;false
7805;270263;1721399271179;1721399271184;0;0;false
7810;271803;1721399271338;1721399271342;0;0;false
7815;269451;1721399271505;1721399271510;0;0;false
7820;273419;1721399271675;1721399271679;0;0;false
7825;269115;1721399271844;1721399271850;0;0;false
7830;269895;1721399272014;1721399272020;0;0;false
7835;271695;1721399272182;1721399272187;0;0;false
7840;267163;1721399272336;1721399272340;0;0;false
7845;271011;1721399272507;1721399272511;0;0;false
7850;271355;1721399272687;1721399272691;0;0;false
7855;267555;1721399272858;1721399272863;0;0;false
7860;270679;1721399273012;1721399273017;0;0;false
7865;268683;1721399273181;1721399273186;0;0;false
7870;267871;1721399273337;1721399273342;0;0;false
7875;270483;1721399273521;1721399273529;0;0;false
7880;272515;1721399273673;1721399273677;0;0;false
7885;269967;1721399273848;1721399273852;0;0;false
7890;273171;1721399274024;1721399274030;0;0;false
7895;267479;1721399274178;1721399274184;0;0;false
7900;268555;1721399274347;1721399274354;0;0;false
7905;270179;1721399274517;1721399274523;0;0;false
7910;267431;1721399274686;1721399274691;0;0;false
7915;271923;1721399274837;1721399274845;0;0;false
7920;260499;1721399275023;1721399275028;0;0;false
7925;267315;1721399275177;1721399275182;0;0;false
7930;272007;1721399275348;1721399275353;0;0;false
7935;270723;1721399275506;1721399275510;0;0;false
7940;267727;1721399275671;1721399275675;0;0;false
7945;263747;1721399275838;1721399275844;0;0;false
7950;270183;1721399276013;1721399276018;0;0;false
7955;280195;1721399276182;1721399276187;0;0;false
7960;272187;1721399276343;1721399276348;0;0;false
7965;270107;1721399276516;1721399276523;0;0;false
7970;268587;1721399276685;1721399276690;0;0;false
7975;271035;1721399276852;1721399276857;0;0;false
7980;274851;1721399277021;1721399277026;0;0;false
7985;270879;1721399277190;1721399277194;0;0;false
7990;273423;1721399277359;1721399277365;0;0;false
7995;267643;1721399277513;1721399277518;0;0;false
8000;269695;1721399277676;1721399277681;0;0;false
8005;267139;1721399277837;1721399277841;0;0;false
8010;268747;1721399278020;1721399278025;0;0;false
8015;266647;1721399278191;1721399278196;0;0;false
8020;266315;1721399278350;1721399278356;0;0;false
8025;271359;1721399278513;1721399278518;0;0;false
8030;274667;1721399278682;1721399278687;0;0;false
8035;270491;1721399278850;1721399278857;0;0;false
8040;267167;1721399278976;1721399278981;0;0;false
8045;273743;1721399279159;1721399279163;0;0;false
8050;279675;1721399279319;1721399279325;0;0;false
8055;271155;1721399279472;1721399279477;0;0;false
8060;274403;1721399279652;1721399279657;0;0;false
8065;269855;1721399279806;1721399279811;0;0;false
8070;270543;1721399279977;1721399279983;0;0;false
8075;273951;1721399280161;1721399280168;0;0;false
8080;274767;1721399280315;1721399280320;0;0;false
8085;278075;1721399280471;1721399280476;0;0;false
8090;266307;1721399280643;1721399280647;0;0;false
8095;267587;1721399280808;1721399280812;0;0;false
8100;268379;1721399280978;1721399280982;0;0;false
8105;262687;1721399281142;1721399281145;0;0;false
8110;263015;1721399281319;1721399281323;0;0;false
8115;259599;1721399281489;1721399281493;0;0;false
8120;244283;1721399281646;1721399281650;0;0;false
8125;277047;1721399281817;1721399281822;0;0;false
8130;296259;1721399281976;1721399281982;0;0;false
8135;294355;1721399282141;1721399282147;0;0;false
8140;289331;1721399282314;1721399282319;0;0;false
8145;284139;1721399282484;1721399282489;0;0;false
8150;282939;1721399282646;1721399282651;0;0;false
8155;282299;1721399282811;1721399282816;0;0;false
8160;290731;1721399282979;1721399282985;0;0;false
8165;294403;1721399283143;1721399283147;0;0;false
8170;289551;1721399283321;1721399283326;0;0;false
8175;274919;1721399283478;1721399283482;0;0;false
8180;283903;1721399283661;1721399283666;0;0;false
8185;282735;1721399283814;1721399283820;0;0;false
8190;278715;1721399283985;1721399283990;0;0;false
8195;281291;1721399284154;1721399284158;0;0;false
8200;285415;1721399284308;1721399284314;0;0;false
8205;281351;1721399284495;1721399284499;0;0;false
8210;283539;1721399284642;1721399284647;0;0;false
8215;288895;1721399284822;1721399284827;0;0;false
8220;289875;1721399284976;1721399284982;0;0;false
8225;281543;1721399285143;1721399285148;0;0;false
8230;284931;1721399285319;1721399285324;0;0;false
8235;284611;1721399285489;1721399285495;0;0;false
8240;286947;1721399285659;1721399285665;0;0;false
8245;288263;1721399285814;1721399285818;0;0;false
8250;292363;1721399285981;1721399285986;0;0;false
8255;274935;1721399286158;1721399286163;0;0;false
8260;290155;1721399286313;1721399286317;0;0;false
8265;286951;1721399286478;1721399286482;0;0;false
8270;278571;1721399286651;1721399286657;0;0;false
8275;279203;1721399286822;1721399286827;0;0;false
8280;283299;1721399286976;1721399286983;0;0;false
8285;279455;1721399287141;1721399287146;0;0;false
8290;281103;1721399287317;1721399287320;0;0;false
8295;279743;1721399287489;1721399287493;0;0;false
8300;285155;1721399287647;1721399287652;0;0;false
8305;272483;1721399287811;1721399287815;0;0;false
8310;285403;1721399287985;1721399287989;0;0;false
8315;291659;1721399288157;1721399288162;0;0;false
8320;287831;1721399288313;1721399288317;0;0;false
8325;285199;1721399288482;1721399288487;0;0;false
8330;282859;1721399288655;1721399288660;0;0;false
8335;280303;1721399288825;1721399288830;0;0;false
8340;292711;1721399288978;1721399288983;0;0;false
8345;286315;1721399289152;1721399289157;0;0;false
8350;281887;1721399289321;1721399289327;0;0;false
8355;290547;1721399289491;1721399289497;0;0;false
8360;286663;1721399289647;1721399289652;0;0;false
8365;287539;1721399289812;1721399289817;0;0;false
8370;289591;1721399289981;1721399289987;0;0;false
8375;280255;1721399290146;1721399290150;0;0;false
8380;291939;1721399290327;1721399290332;0;0;false
8385;279959;1721399290482;1721399290487;0;0;false
8390;278571;1721399290655;1721399290661;0;0;false
8395;289635;1721399290812;1721399290817;0;0;false
8400;288543;1721399290984;1721399290990;0;0;false
8405;298091;1721399291147;1721399291152;0;0;false
8410;295735;1721399291322;1721399291327;0;0;false
8415;294103;1721399291481;1721399291485;0;0;false
8420;302619;1721399291661;1721399291667;0;0;false
8425;294603;1721399291828;1721399291833;0;0;false
8430;292883;1721399291983;1721399291989;0;0;false
8435;292831;1721399292152;1721399292157;0;0;false
8440;299259;1721399292324;1721399292328;0;0;false
8445;304887;1721399292482;1721399292487;0;0;false
8450;303655;1721399292652;1721399292657;0;0;false
8455;304227;1721399292822;1721399292827;0;0;false
8460;303519;1721399292993;1721399292998;0;0;false
8465;293131;1721399293149;1721399293155;0;0;false
8470;302827;1721399293320;1721399293326;0;0;false
8475;300803;1721399293492;1721399293497;0;0;false
8480;304667;1721399293661;1721399293667;0;0;false
8485;296711;1721399293816;1721399293821;0;0;false
8490;290915;1721399293986;1721399293992;0;0;false
8495;304815;1721399294158;1721399294164;0;0;false
8500;289731;1721399294328;1721399294333;0;0;false
8505;304351;1721399294497;1721399294503;0;0;false
8510;293595;1721399294651;1721399294656;0;0;false
8515;292387;1721399294813;1721399294818;0;0;false
8520;301687;1721399294991;1721399294996;0;0;false
8525;304419;1721399295146;1721399295152;0;0;false
8530;298387;1721399295318;1721399295324;0;0;false
8535;300359;1721399295483;1721399295487;0;0;false
8540;304547;1721399295659;1721399295664;0;0;false
8545;301215;1721399295829;1721399295833;0;0;false
8550;303195;1721399295997;1721399296003;0;0;false
8555;307827;1721399296153;1721399296158;0;0;false
8560;301763;1721399296325;1721399296330;0;0;false
8565;295803;1721399296483;1721399296487;0;0;false
8570;305555;1721399296665;1721399296671;0;0;false
8575;304463;1721399296817;1721399296821;0;0;false
8580;298907;1721399296986;1721399296992;0;0;false
8585;294275;1721399297157;1721399297162;0;0;false
8590;304519;1721399297327;1721399297332;0;0;false
8595;303179;1721399297497;1721399297503;0;0;false
8600;304571;1721399297667;1721399297674;0;0;false
8605;292303;1721399297823;1721399297827;0;0;false
8610;298891;1721399297987;1721399297991;0;0;false
8615;307055;1721399298147;1721399298152;0;0;false
8620;299999;1721399298317;1721399298322;0;0;false
8625;307999;1721399298486;1721399298491;0;0;false
8630;296071;1721399298658;1721399298663;0;0;false
8635;307227;1721399298826;1721399298831;0;0;false
8640;300099;1721399298982;1721399298987;0;0;false
8645;301171;1721399299168;1721399299174;0;0;false
8650;293287;1721399299317;1721399299321;0;0;false
8655;303347;1721399299493;1721399299498;0;0;false
8660;294307;1721399299652;1721399299657;0;0;false
8665;302055;1721399299818;1721399299823;0;0;false
8670;302019;1721399299987;1721399299992;0;0;false
8675;298959;1721399300151;1721399300157;0;0;false
8680;294395;1721399300331;1721399300336;0;0;false
8685;296399;1721399300488;1721399300493;0;0;false
8690;279155;1721399300652;1721399300657;0;0;false
8695;283695;1721399300827;1721399300832;0;0;false
8700;294963;1721399300986;1721399300991;0;0;false
8705;285399;1721399301170;1721399301174;0;0;false
8710;284687;1721399301321;1721399301326;0;0;false
8715;310731;1721399301496;1721399301501;0;0;false
8720;317199;1721399301666;1721399301672;0;0;false
8725;316747;1721399301821;1721399301827;0;0;false
8730;315411;1721399301994;1721399302000;0;0;false
8735;317403;1721399302153;1721399302158;0;0;false
8740;317835;1721399302321;1721399302327;0;0;false
8745;315903;1721399302504;1721399302512;0;0;false
8750;316823;1721399302657;1721399302663;0;0;false
8755;316679;1721399302829;1721399302836;0;0;false
8760;313027;1721399302995;1721399303000;0;0;false
8765;311899;1721399303138;1721399303144;0;0;false
8770;307999;1721399303286;1721399303296;0;0;false
8775;255043;1721399303451;1721399303454;0;0;false
8780;234695;1721399303617;1721399303621;0;0;false
8785;242611;1721399303789;1721399303793;0;0;false
8790;236119;1721399303964;1721399303968;0;0;false
8795;241883;1721399304133;1721399304137;0;0;false
8800;246327;1721399304301;1721399304305;0;0;false
8805;247491;1721399304451;1721399304456;0;0;false
8810;250259;1721399304627;1721399304631;0;0;false
8815;242395;1721399304793;1721399304799;0;0;false
8820;244687;1721399304952;1721399304958;0;0;false
8825;245063;1721399305117;1721399305120;0;0;false
8830;247855;1721399305294;1721399305297;0;0;false
8835;241663;1721399305464;1721399305468;0;0;false
8840;245083;1721399305617;1721399305622;0;0;false
8845;246211;1721399305788;1721399305792;0;0;false
8850;245739;1721399305960;1721399305964;0;0;false
8855;245039;1721399306116;1721399306120;0;0;false
8860;228907;1721399306282;1721399306286;0;0;false
8865;238243;1721399306452;1721399306457;0;0;false
8870;240171;1721399306625;1721399306629;0;0;false
8875;241275;1721399306796;1721399306800;0;0;false
8880;239699;1721399306951;1721399306956;0;0;false
8885;242911;1721399307118;1721399307124;0;0;false
8890;231643;1721399307287;1721399307291;0;0;false
8895;244919;1721399307464;1721399307469;0;0;false
8900;227963;1721399307651;1721399307655;0;0;false
8905;235587;1721399307819;1721399307824;0;0;false
8910;290827;1721399307963;1721399307969;0;0;false
8915;309303;1721399308142;1721399308149;0;0;false
8920;334095;1721399308297;1721399308302;0;0;false
8925;333767;1721399308472;1721399308479;0;0;false
8930;319319;1721399308642;1721399308648;0;0;false
8935;328967;1721399308793;1721399308799;0;0;false
8940;329159;1721399308962;1721399308970;0;0;false
8945;326807;1721399309123;1721399309128;0;0;false
8950;328555;1721399309303;1721399309308;0;0;false
8955;330263;1721399309457;1721399309462;0;0;false
8960;330331;1721399309623;1721399309628;0;0;false
8965;328559;1721399309799;1721399309805;0;0;false
8970;328787;1721399309956;1721399309961;0;0;false
8975;331735;1721399310138;1721399310144;0;0;false
8980;327203;1721399310308;1721399310316;0;0;false
8985;331319;1721399310463;1721399310469;0;0;false
8990;333099;1721399310626;1721399310634;0;0;false
8995;331123;1721399310804;1721399310811;0;0;false
9000;331555;1721399310976;1721399310984;0;0;false
9005;331395;1721399311121;1721399311127;0;0;false
9010;331351;1721399311293;1721399311299;0;0;false
9015;328899;1721399311456;1721399311462;0;0;false
9020;329643;1721399311640;1721399311647;0;0;false
9025;328987;1721399311788;1721399311793;0;0;false
9030;331431;1721399311958;1721399311963;0;0;false
9035;328043;1721399312122;1721399312128;0;0;false
9040;324835;1721399312305;1721399312311;0;0;false
9045;330443;1721399312457;1721399312464;0;0;false
9050;331415;1721399312627;1721399312634;0;0;false
9055;333091;1721399312793;1721399312797;0;0;false
9060;333559;1721399312971;1721399312977;0;0;false
9065;315107;1721399313139;1721399313146;0;0;false
9070;326723;1721399313292;1721399313298;0;0;false
9075;330387;1721399313463;1721399313469;0;0;false
9080;331171;1721399313635;1721399313641;0;0;false
9085;334131;1721399313792;1721399313797;0;0;false
9090;333127;1721399313961;1721399313967;0;0;false
9095;331335;1721399314127;1721399314133;0;0;false
9100;332831;1721399314293;1721399314299;0;0;false
9105;332887;1721399314458;1721399314465;0;0;false
9110;334651;1721399314627;1721399314633;0;0;false
9115;324619;1721399314792;1721399314810;0;0;false
9120;316951;1721399314958;1721399314964;0;0;false
9125;326163;1721399315134;1721399315140;0;0;false
9130;326631;1721399315304;1721399315309;0;0;false
9135;336287;1721399315458;1721399315478;0;0;false
9140;334743;1721399315629;1721399315636;0;0;false
9145;331215;1721399315798;1721399315803;0;0;false
9150;331059;1721399315969;1721399315975;0;0;false
9155;326731;1721399316139;1721399316146;0;0;false
9160;322507;1721399316309;1721399316315;0;0;false
